_ID_,_VAL_
0,0.6668055507350692
1,0.537589198870597
2,0.656329471708994
3,0.6434532989030248
4,0.4147520144326988
5,0.6539607169729629
6,0.6529247414801558
7,0.6441153430051882
8,0.651221698727693
9,0.6395384378591674
10,0.5880501765706008
11,0.5824513112993486
12,0.5688859141998065
13,0.6897187633473961
14,0.38124783688995995
15,0.6192482671005517
16,0.6586170532487252
17,0.6383247022861854
18,0.6367151293739239
19,0.6725252260406405
20,0.604930822380645
21,0.5994173198595922
22,0.6561773177579789
23,0.670045840198991
24,0.4370345003812902
25,0.6344742485134077
26,0.6528853252596009
27,0.6338551707161728
28,0.6418141472901885
29,0.6212228504197727
30,0.6332300179894276
31,0.662558011152236
32,0.6630580495339589
33,0.6769900026614671
34,0.6929978058966839
35,0.6311591140545182
36,0.6630793677639332
37,0.6153403988223879
38,0.6645118732789945
39,0.6563799317214488
40,0.6623979069392324
41,0.6045433715812175
42,0.6656056247619746
43,0.6166266763629178
44,0.5193194331645871
45,0.6039531257865649
46,0.6163619589479138
47,0.6353434370960999
48,0.6430803369156608
49,0.640959464094752
50,0.654167774315502
51,0.6391233216925957
52,0.5708735304581347
53,0.6354083777205967
54,0.6274361322667478
55,0.5891513936153158
56,0.6227215752398836
57,0.5864684367920693
58,0.6516098539540831
59,0.6257219909136394
60,0.6333048962518001
61,0.6066217603790326
62,0.5843395772383929
63,0.6139305290148628
64,0.6104786939897824
65,0.6390175625328804
66,0.6123104553943618
67,0.622306933667207
68,0.6643921971433563
69,0.6511185024662027
70,0.6311009999207494
71,0.6444080244494976
72,0.6228184398884808
73,0.6009552028182578
74,0.6083485797425195
75,0.6536457000179416
76,0.6509376377490209
77,0.603422518293488
78,0.6308541673477499
79,0.6281580837275798
80,0.5787594814289655
81,0.6253294470673285
82,0.6250923982346189
83,0.6254181252155745
84,0.6383008945621996
85,0.565315218974954
86,0.6727202873572986
87,0.6430574124637032
88,0.6470697744182469
89,0.6600288387496808
90,0.5859756366996526
91,0.635322755677053
92,0.576788443917187
93,0.6510035752795991
94,0.6160581857528513
95,0.6465680527169122
96,0.6506414223829219
97,0.6770173358369407
98,0.6361872506821125
99,0.6200337996965364
100,0.6260170802083289
101,0.6685518936753351
102,0.6422254141259751
103,0.6431427837995322
104,0.6807384778831544
105,0.6281355273161846
106,0.5241551599198148
107,0.6508728724804482
108,0.6550054691766893
109,0.6519922957955232
110,0.6015607032091134
111,0.6636820257582733
112,0.6385742729525564
113,0.5840683605907291
114,0.6431145184797685
115,0.6269418050461414
116,0.6110190277494378
117,0.6381017988607782
118,0.6286466754795279
119,0.6227815718331082
120,0.6378259991068874
121,0.6490341548463432
122,0.6471825989629246
123,0.6335326459357702
124,0.6510044521879991
125,0.6519910904560314
126,0.6179941779496706
127,0.6475547747783722
128,0.6494441847769142
129,0.5708654570084013
130,0.673494473259392
131,0.6648206747628004
132,0.6101990520976952
133,0.6429802497868048
134,0.6421334768339675
135,0.559360602438926
136,0.6566236341324293
137,0.685125514497436
138,0.6671249080549798
139,0.486991484114947
140,0.6183237498829514
141,0.6157009109281024
142,0.6686666203677775
143,0.6717074838967294
144,0.6176329936605874
145,0.6424806446783112
146,0.6459437808075307
147,0.6581075238874711
148,0.6069657076719918
149,0.6712320635561898
150,0.6587073694552341
151,0.6583098562954006
152,0.6647795475976044
153,0.627456668632251
154,0.67551248889411
155,0.6191878152927554
156,0.6157555661259303
157,0.674068096993046
158,0.6540413997087204
159,0.5492174173093533
160,0.6034251005353387
161,0.640908990858657
162,0.6061516723694719
163,0.5920772030858713
164,0.6350728990993352
165,0.6538127600342774
166,0.6088182494655293
167,0.6131999589453
168,0.6328511028432888
169,0.6385412112321857
170,0.6554833924908884
171,0.6677276325009998
172,0.6304764116516824
173,0.631120591556222
174,0.5842321774611793
175,0.6353064567143851
176,0.6602483077041672
177,0.6616452645404273
178,0.6677995476577586
179,0.5615928714296426
180,0.62898994124099
181,0.6372670430835542
182,0.6148156487372639
183,0.6468878376718955
184,0.634636914496897
185,0.6527109945795164
186,0.6636755839553472
187,0.6387435201049523
188,0.6297388844489288
189,0.6050150041228155
190,0.6568126774421389
191,0.5783824354724172
192,0.6412298262089268
193,0.3440198468499466
194,0.628807719769654
195,0.640133225515768
196,0.6243969838995632
197,0.6571311942992228
198,0.6350734742780855
199,0.6451902597908252
200,0.6183459861925246
201,0.649253770158494
202,0.6310470846565229
203,0.6446619175496139
204,0.65135535441146
205,0.6476143928105882
206,0.6386141358592328
207,0.6361835761699857
208,0.6125323994626294
209,0.6347437650262592
210,0.6176309495696138
211,0.641041258983988
212,0.6453171126238426
213,0.6199355092415609
214,0.5585048351577008
215,0.6078417347821424
216,0.6258621190914816
217,0.645626192912549
218,0.6496451198137593
219,0.610259136009205
220,0.6071861078655482
221,0.6316598604252822
222,0.6655119058069207
223,0.6379417184009993
224,0.6282372155480512
225,0.667032230836348
226,0.6295582888861501
227,0.6727471126284941
228,0.6142740162984051
229,0.6438790733795012
230,0.622700725449493
231,0.6451354307790711
232,0.6324486256658047
233,0.6572883274274645
234,0.6151892290749275
235,0.6486424085785698
236,0.5865980410294928
237,0.6343512495413248
238,0.5982712754728994
239,0.6521548322150436
240,0.6808424226736162
241,0.6148342977109056
242,0.6553769136445209
243,0.6348108927638101
244,0.6414647492764269
245,0.6500849620094425
246,0.5803427601193852
247,0.6521365513707602
248,0.5867506554683868
249,0.6498924560485149
250,0.6347046509250874
251,0.6594405213918906
252,0.6474099233444714
253,0.6199931966738271
254,0.6732040360630287
255,0.6681341572933895
256,0.19861981313551136
257,0.6515508922629362
258,0.6491688914225744
259,0.6774771063781831
260,0.6468975150596672
261,0.6270452142508148
262,0.6126300436517869
263,0.49827899544951565
264,0.6378524501988463
265,0.6390246416602459
266,0.6442799856265962
267,0.6498455180610127
268,0.6492677321990418
269,0.47109434632772
270,0.580089749101509
271,0.3093283815401175
272,0.6351489291427671
273,0.6604506075736731
274,0.6324271622873574
275,0.6621515688854345
276,0.6204059367566148
277,0.6335947619884265
278,0.6274110421120025
279,0.6163458132007237
280,0.6299497623312867
281,0.6477963645772803
282,0.6509075621395223
283,0.6558702114928814
284,0.6316116334614269
285,0.6172218836992399
286,0.6542186193553272
287,0.4618241061327964
288,0.6667606707498666
289,0.6331980750066327
290,0.6219055769543972
291,0.6179863845075637
292,0.6677339669213452
293,0.6472501783670859
294,0.637917902662101
295,0.6167379055247458
296,0.5074193207075615
297,0.597637317793301
298,0.5630830353577276
299,0.6198778661309103
300,0.6451588084713069
301,0.6092933207538537
302,0.6461173560950974
303,0.6487929226155663
304,0.6330621224897347
305,0.16555534006675388
306,0.6374971031036808
307,0.6075232163538603
308,0.6923445542789916
309,0.6462781416668492
310,0.6375684784517976
311,0.6036197868798278
312,0.6957226165560905
313,0.6260102649766527
314,0.6210188211050987
315,0.5872065836384001
316,0.574612254737124
317,0.6554243695157841
318,0.6840178848201616
319,0.6469716905236934
320,0.6541818836513187
321,0.6532223721632203
322,0.5967410119053316
323,0.6481133191766196
324,0.44644202808277206
325,0.6167352915741969
326,0.6299227672373742
327,0.5854882816121786
328,0.614818496168298
329,0.6205661489360903
330,0.5757414210475159
331,0.6260150162395053
332,0.5227732445438057
333,0.6233589805428602
334,0.6266357577098893
335,0.6581916320386454
336,0.656955899048586
337,0.6171685517020001
338,0.6557168613258952
339,0.6297035359492676
340,0.6523385251879332
341,0.601161761717654
342,0.5956576556518501
343,0.615996531596795
344,0.6803363207493278
345,0.6407999251967453
346,0.6401678625107345
347,0.4759442310159092
348,0.47889146770123664
349,0.6323093487556561
350,0.6188283343487577
351,0.6466378278913457
352,0.6417611166887515
353,0.6197855316788425
354,0.6351899523674772
355,0.7036326368838943
356,0.5047393603753396
357,0.6472102448075981
358,0.6882596438545646
359,0.6325701487806411
360,0.6185480953074667
361,0.6305757727201876
362,0.6134756942101004
363,0.5753025162531391
364,0.6374751587807306
365,0.6615559097172158
366,0.5868632281811895
367,0.6532006169979077
368,0.6660648932547804
369,0.636392643722524
370,0.5828735280221979
371,0.6470178157844305
372,0.6331491217887586
373,0.6353146331231779
374,0.622409080153895
375,0.6309270002184628
376,0.6011636006126528
377,0.6629884589159831
378,0.6358232455657367
379,0.6241352313195723
380,0.6369287566896369
381,0.6512072454090395
382,0.6044109592742986
383,0.6314008592929681
384,0.5948352961065146
385,0.6495324803077631
386,0.6201783695844781
387,0.6469263472174028
388,0.6161777660767211
389,0.65955294519828
390,0.6414623228510493
391,0.6045638620279833
392,0.623347012864348
393,0.6475546041231379
394,0.610222489580259
395,0.6209113669186943
396,0.6189002873698111
397,0.6133151022699543
398,0.6408021330145449
399,0.6747400298042153
400,0.631961846049053
401,0.6256479907399412
402,0.60996217451249
403,0.609553173259436
404,0.6436112479899987
405,0.59196138003577
406,0.6206095794125287
407,0.6463002728003727
408,0.6467127188095143
409,0.6579690623339246
410,0.6028590264417604
411,0.6493582519254353
412,0.658811586227722
413,0.6280148007257761
414,0.6087648064252164
415,0.6268315161173591
416,0.6127574399570345
417,0.6281405195657489
418,0.5903545793123133
419,0.6581001137694421
420,0.6290929744269868
421,0.6296638448438805
422,0.6051296271210386
423,0.62025110971151
424,0.6136104245418638
425,0.6367473196131348
426,0.5803146411352933
427,0.6443239686561579
428,0.6241716546359543
429,0.632142743976589
430,0.660945491613819
431,0.6307238593068875
432,0.6271048158423247
433,0.6514184570286106
434,0.6666619101900408
435,0.6112726783728915
436,0.5960765834860845
437,0.6233634321621735
438,0.644008069260587
439,0.6514133821955775
440,0.625429963925269
441,0.6514557539675585
442,0.628758618105036
443,0.6436490942561657
444,0.6499287250773802
445,0.600923516076988
446,0.6403623597018079
447,0.4412207381584779
448,0.6771491996580283
449,0.6541852621864565
450,0.6360025994068286
451,0.6004965044056686
452,0.6438998073795664
453,0.6322471621990398
454,0.44512753964397345
455,0.6682427089434171
456,0.6254718892120746
457,0.6726187243798605
458,0.6188482975723595
459,0.6345238999512228
460,0.4257586741480599
461,0.6592080659876749
462,0.6638285887226704
463,0.5759912129053752
464,0.5884506939968543
465,0.6841504557638655
466,0.6555165305499745
467,0.6632548106888028
468,0.6457626430166556
469,0.6264135698708848
470,0.5520005994046653
471,0.6368981689100343
472,0.643965136694063
473,0.5739636383836617
474,0.6339261967891497
475,0.6585691733303106
476,0.5759782439486515
477,0.6785728431323123
478,0.6126715969696065
479,0.6117990143822529
480,0.6242306107403363
481,0.6408134005760596
482,0.35759479662348975
483,0.5907960716506484
484,0.6384791867521926
485,0.67697224160012
486,0.6379481000754419
487,0.6092320481308556
488,0.6180838482980827
489,0.6233380519299575
490,0.6534886901909854
491,0.6469050926261671
492,0.6555708879734884
493,0.6289056096582475
494,0.6463478609860956
495,0.5822054966403213
496,0.6496319777426702
497,0.21880765430102936
498,0.6184862340902325
499,0.5514954193435563
500,0.6606922555952067
501,0.6346869000727563
502,0.6456581349967205
503,0.6422374911634028
504,0.6410100686958314
505,0.6444591289205338
506,0.648682050476447
507,0.6117721450795974
508,0.6256356231538958
509,0.6155898751004311
510,0.6051304592166468
511,0.6160803175057596
512,0.6582432203261336
513,0.6441426429812993
514,0.5940167660961789
515,0.6435833466785268
516,0.6475420158802343
517,0.6416937006217456
518,0.645592324633334
519,0.5894021822842842
520,0.6529165862456261
521,0.6489969289099625
522,0.6291626323782004
523,0.6737832750939357
524,0.6503875423282965
525,0.5659481259760398
526,0.618071817280575
527,0.46929874187461684
528,0.6384836188501257
529,0.6403793751829461
530,0.6574360150039847
531,0.6257829741101377
532,0.6477778750368773
533,0.646906887591707
534,0.6548112809376914
535,0.5887549675621956
536,0.6518666978172576
537,0.6096621141135113
538,0.6277919588789904
539,0.6186018825012768
540,0.6681115208192898
541,0.6722066466775278
542,0.6102719496361487
543,0.6561820328180858
544,0.6274409806060717
545,0.6265439438968001
546,0.6057822389879801
547,0.5952348524284751
548,0.3660436771829538
549,0.6263881769828182
550,0.5733056572752918
551,0.5760228181843656
552,0.6348220041846931
553,0.6317801208615705
554,0.6481865356417797
555,0.6169470234646623
556,0.6178432180811375
557,0.5964267623233591
558,0.5543088843660362
559,0.5213702521973882
560,0.6470112238531582
561,0.644301532780624
562,0.46653598814879316
563,0.49489867253965236
564,0.6152894736464726
565,0.6691657470003991
566,0.6536650267366769
567,0.621673815539375
568,0.6283563174314374
569,0.5928569156197837
570,0.6022026092866172
571,0.612886209502901
572,0.6447604781923414
573,0.6189352426410409
574,0.6515920830737791
575,0.6552849937947447
576,0.6052061529552661
577,0.6432556150249722
578,0.6485810625959358
579,0.6337324366005579
580,0.6470057073482608
581,0.6525275355387453
582,0.6073619825156007
583,0.6767761541396206
584,0.6213011827076163
585,0.5606876563580316
586,0.5490740101770774
587,0.6653579416831253
588,0.5962099085403337
589,0.6628361006400029
590,0.612356603194567
591,0.6178697003105241
592,0.576189762635149
593,0.646355895863291
594,0.6342231755911294
595,0.660855329613328
596,0.6212609413531563
597,0.6686007781741667
598,0.6362359177486474
599,0.6593002595323271
600,0.6171132806160333
601,0.644952703559709
602,0.6650154656835126
603,0.6423952138586915
604,0.6504315617934093
605,0.598311269932826
606,0.6386924955463508
607,0.6469825973080555
608,0.6084711052991544
609,0.673893647122274
610,0.6682295879410107
611,0.617755474854255
612,0.6189967638084019
613,0.6734441131033667
614,0.626896976756401
615,0.5453296064519983
616,0.647254654349268
617,0.6038332805081249
618,0.6274376495209324
619,0.6383479286837722
620,0.6653096472707373
621,0.6329090121625215
622,0.6303073371135779
623,0.6477475492354349
624,0.6080970518591227
625,0.6174479737887058
626,0.6024977308234067
627,0.6362852247190312
628,0.6463968132547381
629,0.6484034934140219
630,0.6372685549992408
631,0.6556024890669435
632,0.6392744870711995
633,0.6684825035462387
634,0.6504622041692416
635,0.6232304848346529
636,0.5550566280752196
637,0.6543170095584228
638,0.6390506130854947
639,0.6564001325315553
640,0.6111479135308849
641,0.6514901480319663
642,0.6738456555914928
643,0.6132166004076376
644,0.672923565991566
645,0.6361496457833398
646,0.6350378101039487
647,0.6385083391558501
648,0.6279940434194683
649,0.6310553950537247
650,0.6566427155675589
651,0.5941755395939162
652,0.6429466337818226
653,0.6869347800407102
654,0.6596266044581139
655,0.5769215178339124
656,0.6439781259313351
657,0.6253095090034017
658,0.6585012810949286
659,0.6542676939203514
660,0.5980323361684993
661,0.6431771485244837
662,0.5862608918777139
663,0.6610445223292445
664,0.6244739985133184
665,0.6311701024503391
666,0.6573469646589576
667,0.6392209542718416
668,0.6384724633298561
669,0.6519871957264014
670,0.6232764345801295
671,0.62172609323396
672,0.6029311433787524
673,0.6569547351968024
674,0.5993172065860402
675,0.4980073366400936
676,0.6446294747435077
677,0.685141179684693
678,0.623131677562549
679,0.6515095851528443
680,0.6636416552924393
681,0.6196374278005506
682,0.6581613679620361
683,0.6360174219923995
684,0.6619698087584452
685,0.6816956381349801
686,0.6417689563911156
687,0.6442573139140383
688,0.596628902370123
689,0.6509503419984919
690,0.6384191810713509
691,0.6303745620410861
692,0.6474166373688622
693,0.5881511220781733
694,0.6114187727070127
695,0.6557730500814885
696,0.6522236045677056
697,0.6791457453819126
698,0.6373775873661044
699,0.6693052328528848
700,0.6016461505521477
701,0.6825719642288757
702,0.6283280845641254
703,0.6127310230654466
704,0.6079286059928909
705,0.6422274609846175
706,0.6666059743892664
707,0.5747316587903659
708,0.6552132319160683
709,0.6436026436119048
710,0.6214670881937274
711,0.47431179909010884
712,0.60022432387105
713,0.635076240897593
714,0.5906595602556847
715,0.6330915256869661
716,0.6175962983252946
717,0.6452202757058089
718,0.6461142722015022
719,0.6547967209507528
720,0.43363023454348615
721,0.6391893513183629
722,0.6265895359193561
723,0.6185325993228513
724,0.6057766039638521
725,0.629455979057089
726,0.6022514400167056
727,0.6229775771177543
728,0.6472254991592155
729,0.6568482208501939
730,0.6048131951595733
731,0.6388404247742691
732,0.6825956690981991
733,0.6279560693547365
734,0.5952867377377093
735,0.6281027409647412
736,0.6603598429077518
737,0.6473620030440786
738,0.5823298467729342
739,0.644143590925631
740,0.6163383544426779
741,0.6523967659761967
742,0.6360536729116203
743,0.562252038240593
744,0.6200446144083638
745,0.6204673971560521
746,0.6475203296009227
747,0.6112303106274675
748,0.6854746913923148
749,0.6377851541159366
750,0.6646139667692263
751,0.6365180557075396
752,0.6007989592811326
753,0.6702965308471007
754,0.6395386546718663
755,0.5953354682044167
756,0.6649938006881985
757,0.6298139707253181
758,0.6557172365526381
759,0.6165225353583937
760,0.6702125507442005
761,0.6248337512018305
762,0.3850709715477147
763,0.637543854845875
764,0.5971187409976451
765,0.3800912584195108
766,0.6308767155536853
767,0.6033115239702058
768,0.5869874205750544
769,0.6128477914408538
770,0.5860122770677844
771,0.6309465141738949
772,0.6559546437851822
773,0.6337920899902111
774,0.6501641462494588
775,0.6439822837933885
776,0.6372005260051933
777,0.5754941811169705
778,0.6587157431129896
779,0.6315230751857415
780,0.6431940114416728
781,0.6236182969766567
782,0.6308118587237455
783,0.5792153297752285
784,0.673427091435844
785,0.6747181066355747
786,0.635483545750231
787,0.6568498239579471
788,0.6251511827707212
789,0.599013448326327
790,0.614695622266861
791,0.6754840690247438
792,0.6641265929465234
793,0.6502150653851815
794,0.6519273051715381
795,0.4985784672909402
796,0.6479865910207673
797,0.6311140484568103
798,0.6634547737729818
799,0.6442500804565081
800,0.6546622533932519
801,0.691019488109438
802,0.6308752749713703
803,0.6544161197920038
804,0.6653726152355147
805,0.5800414049084024
806,0.6424062754478564
807,0.6397851836440772
808,0.6346574272279057
809,0.6122970096503135
810,0.6355181882974811
811,0.6146667811458533
812,0.6264745150177371
813,0.6443465349034887
814,0.4296080224383775
815,0.6474837379620326
816,0.609750766561627
817,0.607380210036206
818,0.6193846132141761
819,0.41545079020554426
820,0.628216136873212
821,0.60994694194088
822,0.6231309706013045
823,0.4026487466655223
824,0.648310821493198
825,0.642705490387175
826,0.6528444902650152
827,0.6694563856283755
828,0.6222369757993164
829,0.6574770769828366
830,0.6523833684078385
831,0.65627240447468
832,0.6379841293163755
833,0.6028727427738886
834,0.6097581079599786
835,0.6053667978714595
836,0.6166521029979856
837,0.6306653144240086
838,0.45441240099706204
839,0.45875939727014453
840,0.6173495953927534
841,0.6552199388209776
842,0.6640433344966512
843,0.6387992990220754
844,0.6381605846478702
845,0.48385822400791745
846,0.6164071239888225
847,0.6693134296146719
848,0.6257589765645237
849,0.6415056680554105
850,0.4808268891091892
851,0.6144293147111979
852,0.6667785045198539
853,0.6354233905274398
854,0.623423682803122
855,0.595599362253314
856,0.6412906654789374
857,0.6042154492367009
858,0.6057684753238104
859,0.620096120153326
860,0.6044073739671738
861,0.5906003474913779
862,0.6225272620892296
863,0.6114233933702958
864,0.5604962629180053
865,0.5714462882987027
866,0.6076026849295926
867,0.6400828997919897
868,0.6637120813346344
869,0.6686496257391926
870,0.6698986953640005
871,0.6592687691406567
872,0.6639964562413162
873,0.603162591024307
874,0.6453045712250308
875,0.6054545024652915
876,0.6347151722281238
877,0.6256443651330419
878,0.6541745903354867
879,0.6310085879723867
880,0.6534329970461837
881,0.6469038632121115
882,0.5930125597350179
883,0.6127435052214004
884,0.6854972535038861
885,0.6176047053478734
886,0.6411571274650232
887,0.6577100753665079
888,0.6326487897659832
889,0.6364386057513344
890,0.586154681482997
891,0.6296010547985481
892,0.619423335349323
893,0.6195195520332488
894,0.5056039256553949
895,0.670455543732702
896,0.6673646327100488
897,0.622912328860067
898,0.5916220937971827
899,0.6233001836441505
900,0.6232266994351597
901,0.6622118301550753
902,0.5735573004518172
903,0.655308261991216
904,0.6091687606046368
905,0.6455500929016327
906,0.6698726396393563
907,0.6708900856998914
908,0.5933994431382837
909,0.6594250863590942
910,0.6520185926424807
911,0.6188282737316457
912,0.6647617204998267
913,0.6252166512425194
914,0.41777621193919673
915,0.6227424149044296
916,0.6307964522692459
917,0.6372127404089909
918,0.47728580344948024
919,0.6219978673027767
920,0.583786414837811
921,0.6117722945769565
922,0.6243899940444281
923,0.6524543870221637
924,0.6306997064610291
925,0.6419130714187798
926,0.6050977850076645
927,0.6331681336540861
928,0.4385083015522176
929,0.6093274056830699
930,0.6641393205611029
931,0.5846249386694385
932,0.6275444448534783
933,0.6754015035573485
934,0.6604322968923926
935,0.6394498539757741
936,0.6419720304214406
937,0.6324574270341636
938,0.6371636328423247
939,0.6545275079383062
940,0.6567812814076496
941,0.4623901004719508
942,0.6562834632995309
943,0.6400983192751745
944,0.6470543691445146
945,0.6092433577184497
946,0.6416394326802245
947,0.6116465164383633
948,0.5575005631791514
949,0.615087166346158
950,0.6497082497226538
951,0.4726697253889679
952,0.6471107825853247
953,0.6033612409956662
954,0.592970970467323
955,0.5845966861059506
956,0.6742694938879115
957,0.6317282457338684
958,0.6293343573590144
959,0.6569154385184935
960,0.6058707546951854
961,0.4579707600312445
962,0.6194774573448157
963,0.6120097082476704
964,0.6640993796625847
965,0.6427059565980903
966,0.6121603052987129
967,0.6397855760262668
968,0.6703053601873722
969,0.6327468328416328
970,0.6381473656240959
971,0.6357979397108029
972,0.6700066893563641
973,0.6762376289563231
974,0.6550365438117235
975,0.6175890825968444
976,0.6731942617885892
977,0.6583499576422316
978,0.6482984013605262
979,0.6873350960830366
980,0.625172177985226
981,0.6213734912220036
982,0.6310012090151149
983,0.6125022531833954
984,0.6416859427248952
985,0.6245535216463683
986,0.6093714298941398
987,0.6394282363279541
988,0.610375904551998
989,0.5875885770236584
990,0.6445323103476829
991,0.6275380241071701
992,0.63634803454593
993,0.6379910910778127
994,0.6648830857113681
995,0.6635076582899456
996,0.5747503910561227
997,0.6518808863719355
998,0.6165922688829716
999,0.6144085380440729
1000,0.6435592271572573
1001,0.610508145303546
1002,0.6882280748612334
1003,0.6836925698289077
1004,0.6224046980281119
1005,0.59735494267779
1006,0.6340799537498049
1007,0.6347390888613965
1008,0.6259552729721034
1009,0.6204069433067518
1010,0.6403597808343355
1011,0.63129299861912
1012,0.6545563237026373
1013,0.6154795574789781
1014,0.6548364912883614
1015,0.6262614056108186
1016,0.5166344483712306
1017,0.660267633332036
1018,0.6336496756692785
1019,0.67203038789493
1020,0.6189510733460543
1021,0.6270352845961812
1022,0.6450310249613951
1023,0.6575909792960891
1024,0.6139922174965924
1025,0.6339988983625499
1026,0.6110730308398796
1027,0.647490770117914
1028,0.6249772318533182
1029,0.627561298037633
1030,0.6275765970841508
1031,0.6248128896479676
1032,0.6829156052078957
1033,0.649298796922799
1034,0.6264385414766037
1035,0.6641661379210917
1036,0.604910029751131
1037,0.6725795350968741
1038,0.6148361145926079
1039,0.6373734387078397
1040,0.6623138066986083
1041,0.6581641842557711
1042,0.44677197085307435
1043,0.6236035024256547
1044,0.591760700679179
1045,0.602302042342853
1046,0.6424662217235653
1047,0.6503376759088265
1048,0.6449181478836875
1049,0.6447413998339582
1050,0.38587007368331677
1051,0.6350782457804083
1052,0.6242436043220999
1053,0.6608316630287236
1054,0.5625137042803768
1055,0.6136201778036464
1056,0.5466814986548842
1057,0.6372060823782687
1058,0.6105484121511375
1059,0.6136405957209677
1060,0.6131504137100293
1061,0.6368473185115853
1062,0.6448438237769496
1063,0.6137422266478785
1064,0.6515099446450807
1065,0.5873036099715051
1066,0.602212553974176
1067,0.6054304634491902
1068,0.6190711515322198
1069,0.6473382124641918
1070,0.6273897429146157
1071,0.6045659110753261
1072,0.6501357077857829
1073,0.6612666690045724
1074,0.6547156621467726
1075,0.6706938196350282
1076,0.635185877188932
1077,0.663763731582677
1078,0.6161617821757122
1079,0.6460715467089785
1080,0.6306709288042763
1081,0.6403949871788799
1082,0.6560759448396296
1083,0.5997230927125877
1084,0.6013267951926071
1085,0.663177424478958
1086,0.5813581401762973
1087,0.6352712990067739
1088,0.6440126691157461
1089,0.5920415894620803
1090,0.6400826135022898
1091,0.574014257183008
1092,0.6945004599837571
1093,0.6343850097061112
1094,0.4707610755934912
1095,0.6559645850510557
1096,0.6432709838949212
1097,0.6443000996029168
1098,0.5122452010145918
1099,0.5914503247696856
1100,0.6020240074443929
1101,0.6281999824271868
1102,0.6616227281745326
1103,0.6334417611671783
1104,0.6474643239441621
1105,0.6567807380431309
1106,0.6009551940413719
1107,0.637112739871068
1108,0.631208200673777
1109,0.6441491480867267
1110,0.6351149920015263
1111,0.6275726355528717
1112,0.6180250249070005
1113,0.6123592656022098
1114,0.6211371874281835
1115,0.6458974072261497
1116,0.6477931768055
1117,0.5701976965276639
1118,0.48600779108503567
1119,0.6412584973995207
1120,0.6430502462925791
1121,0.6388795978283006
1122,0.6232846514290701
1123,0.6788076195386739
1124,0.644751689372498
1125,0.6341566318756422
1126,0.5641316201532931
1127,0.6294095670177754
1128,0.6234198740824511
1129,0.6378538687211863
1130,0.6319863754407316
1131,0.6295346068167723
1132,0.6370773739856805
1133,0.647264246433435
1134,0.6080802016423552
1135,0.6428900608715938
1136,0.6600139482103735
1137,0.5978373434616806
1138,0.6063560326255518
1139,0.6511478160863896
1140,0.6126628590066245
1141,0.5696668482852861
1142,0.616483834977264
1143,0.5434243172908517
1144,0.6652373482242205
1145,0.6455733474182717
1146,0.6192134261190108
1147,0.6698375700869361
1148,0.4988653385137061
1149,0.6309880866321939
1150,0.6136552042188813
1151,0.6468767019762638
1152,0.6068922492617204
1153,0.6383148284900245
1154,0.6372952033124424
1155,0.6311841564619765
1156,0.6292753273866717
1157,0.6124572726996109
1158,0.6579683724864246
1159,0.625625987086164
1160,0.627935695259283
1161,0.5759684743727091
1162,0.6270263326968368
1163,0.6432268717252757
1164,0.6438455332291709
1165,0.6031980320331282
1166,0.6195819107982304
1167,0.6209754981627407
1168,0.6394411677105177
1169,0.670980912958458
1170,0.6065955487864737
1171,0.6313568431842667
1172,0.6118823168873395
1173,0.6454940632288777
1174,0.5712640517493213
1175,0.6461697202296107
1176,0.6467470847583027
1177,0.6433023172321939
1178,0.6471765388334371
1179,0.6182266251469334
1180,0.6470438540316467
1181,0.5626424418260789
1182,0.6375279190607768
1183,0.6371220914421856
1184,0.6058321168363123
1185,0.6486373100022746
1186,0.6398044625603077
1187,0.6547671058640728
1188,0.6096324504291899
1189,0.6192046778798123
1190,0.6441950125174383
1191,0.5792230820876834
1192,0.6461663293266156
1193,0.5963143755905639
1194,0.6535278443789908
1195,0.5967180426551082
1196,0.638918847693757
1197,0.6715340837732097
1198,0.6523314906431685
1199,0.6150838064085619
1200,0.4457305499659459
1201,0.6538388544831614
1202,0.6451325759469229
1203,0.6035503266748403
1204,0.6692804236297255
1205,0.6425646948033927
1206,0.6506000908747199
1207,0.6275889794611242
1208,0.6342950258926326
1209,0.6663403239880668
1210,0.6367697374716034
1211,0.6587800280229235
1212,0.5613875272503078
1213,0.6205374785863008
1214,0.5771807933598504
1215,0.6390386531787174
1216,0.6385160066883029
1217,0.615415984497201
1218,0.6517856812136977
1219,0.6331535307121718
1220,0.6494507404246731
1221,0.6302808640846683
1222,0.6399465099040438
1223,0.6172329242353801
1224,0.6368257056654758
1225,0.6409975581365968
1226,0.6236161228523509
1227,0.6374114928944646
1228,0.6154321000452624
1229,0.5920995857218382
1230,0.6340290563340342
1231,0.6558946039794351
1232,0.6545657603747694
1233,0.6104950700481276
1234,0.6208747279012925
1235,0.6596750180654827
1236,0.6438801611928892
1237,0.6292520900305217
1238,0.6385202807832571
1239,0.6320444238135122
1240,0.6368451484664649
1241,0.6499883365067831
1242,0.655176915275826
1243,0.6391850828137217
1244,0.6554071396253863
1245,0.48006981666994103
1246,0.6508936958821662
1247,0.6169975880846147
1248,0.6322782606141217
1249,0.604491998454099
1250,0.5523191505621637
1251,0.6003994128551343
1252,0.5944104657881063
1253,0.624621385509478
1254,0.6321515460310878
1255,0.6353069503986389
1256,0.598455342174271
1257,0.6665261962714606
1258,0.6586513411068033
1259,0.6461688292110066
1260,0.6442772236023997
1261,0.4091359131671383
1262,0.6077254777274148
1263,0.6291019346261962
1264,0.6255574426282958
1265,0.6624603478206709
1266,0.6111531419942339
1267,0.6167417434178625
1268,0.4685963297721535
1269,0.6357462974083973
1270,0.6469344009216997
1271,0.6756732396045384
1272,0.6297026202871437
1273,0.6088915530610939
1274,0.6059128283133486
1275,0.6295284763038177
1276,0.4589295677013146
1277,0.6651872023140473
1278,0.6477236823635651
1279,0.626190440368187
1280,0.609732493456369
1281,0.6487689675007621
1282,0.628507972287472
1283,0.6448892798134819
1284,0.6497248054640054
1285,0.6585949527684377
1286,0.589352806511594
1287,0.6161496226696984
1288,0.6373627530217616
1289,0.5904835505656958
1290,0.6119663078531884
1291,0.661338266192742
1292,0.6662250062301948
1293,0.6346279944150066
1294,0.5928431749596391
1295,0.6674456155131946
1296,0.6439634242208115
1297,0.633473231559517
1298,0.6002537524094264
1299,0.6737323323728207
1300,0.6499610579808839
1301,0.6546619330358276
1302,0.5344155651706078
1303,0.6580842686496023
1304,0.6180294457366571
1305,0.6329972260826374
1306,0.6288136941696065
1307,0.6706286678874377
1308,0.5843850058028824
1309,0.64194675605509
1310,0.6417887345231202
1311,0.6769268722822753
1312,0.6175056876021509
1313,0.6455697343167713
1314,0.6443377515040678
1315,0.6528053271519613
1316,0.6303759435081007
1317,0.6272880454510678
1318,0.6372193654554129
1319,0.6313780879189397
1320,0.6172813706099635
1321,0.6062707758215898
1322,0.6192976897442493
1323,0.6743484538554844
1324,0.6292415973081528
1325,0.6530736752858941
1326,0.6457579261960966
1327,0.6085284902914959
1328,0.6770280152486119
1329,0.601285873777301
1330,0.642260949962535
1331,0.5933691129041256
1332,0.6532741861379837
1333,0.5702781103950006
1334,0.6161974200271512
1335,0.6593972433240795
1336,0.5995847746422289
1337,0.5889649429797434
1338,0.6198620439960871
1339,0.6509819741679271
1340,0.647038082176965
1341,0.6797986194895486
1342,0.6060246226684237
1343,0.6326536582586437
1344,0.6296002640719196
1345,0.6425882525441658
1346,0.6570682138087036
1347,0.6269196115952378
1348,0.6599669776532006
1349,0.6487942473800651
1350,0.664358576377684
1351,0.6280750358171217
1352,0.6490003914563072
1353,0.6399233179825128
1354,0.6626311629108319
1355,0.6457569444451912
1356,0.6556545365992008
1357,0.633395578696283
1358,0.6503227808477586
1359,0.5246809140125992
1360,0.6010382607176282
1361,0.6458535343106196
1362,0.6572074101489522
1363,0.6257830502841154
1364,0.6450029811321998
1365,0.49145120141249565
1366,0.6575580964490129
1367,0.681400028689196
1368,0.6648065790753895
1369,0.4214384739116914
1370,0.6399408915151944
1371,0.5816993652008147
1372,0.5962947434967455
1373,0.5250569436999992
1374,0.6502565467611188
1375,0.6611702612864928
1376,0.6176077034028697
1377,0.6234164552180016
1378,0.6052986334001951
1379,0.6193757711086499
1380,0.556245303381024
1381,0.6484117613728358
1382,0.6513211238689456
1383,0.5931421532948364
1384,0.6378733630031238
1385,0.6168290590788581
1386,0.6326947449693018
1387,0.6212812068591121
1388,0.6660979815232994
1389,0.27092492146685626
1390,0.6493303962406982
1391,0.6538110593982951
1392,0.6675565374563511
1393,0.635955910724254
1394,0.6350586152151053
1395,0.6637677314680972
1396,0.6587610548902575
1397,0.6335296799724877
1398,0.6540748182009832
1399,0.6483926771346028
1400,0.6387952113250166
1401,0.6335684775915741
1402,0.6432067286636143
1403,0.6181273794240539
1404,0.6048173164280205
1405,0.6480949174474616
1406,0.34138795329551425
1407,0.6650190649179208
1408,0.6414030756899203
1409,0.6659408627263105
1410,0.6275974923480914
1411,0.49492184598213
1412,0.6630247110598516
1413,0.6478271093159854
1414,0.6572442896332318
1415,0.6313798302109387
1416,0.6352054869169975
1417,0.5907575052763148
1418,0.6554242330016936
1419,0.573679806035516
1420,0.6414934367877401
1421,0.6260571440754114
1422,0.6431300578349364
1423,0.6181390403450158
1424,0.6172026873986528
1425,0.6408867983228949
1426,0.5814338600957224
1427,0.637998130039081
1428,0.6507118778935871
1429,0.647181644444474
1430,0.6012489982518687
1431,0.5864728460563958
1432,0.5356377129079561
1433,0.6389989645601755
1434,0.6556678843557298
1435,0.6656538555515523
1436,0.5911414928173205
1437,0.6724262371280267
1438,0.6705104267228585
1439,0.5732401610602871
1440,0.6121686287921738
1441,0.6299824790563426
1442,0.680072945016245
1443,0.5910974471353698
1444,0.6503740492709216
1445,0.6486542582392508
1446,0.6284843802639749
1447,0.6460151612302797
1448,0.6112187710997198
1449,0.6219520562811051
1450,0.6437146300028207
1451,0.6762010412061963
1452,0.6691445445807438
1453,0.6661820380562704
1454,0.6202339201513515
1455,0.6402848514169713
1456,0.5909481817361243
1457,0.6434845752241959
1458,0.6042771237160869
1459,0.6383648950677631
1460,0.6398473753880735
1461,0.6172292781035076
1462,0.632461165931251
1463,0.6215626485002002
1464,0.5623505829422744
1465,0.6822828117755303
1466,0.6267408798130119
1467,0.6325025613122046
1468,0.6302687034354372
1469,0.6400715122558872
1470,0.6572436685028508
1471,0.6692746203613296
1472,0.6592391325183574
1473,0.6043073205816512
1474,0.6238653421183304
1475,0.6152976212185196
1476,0.6402089425887917
1477,0.5895300478758625
1478,0.6294219269148644
1479,0.6492800200569387
1480,0.6804018267992771
1481,0.6296226296768039
1482,0.6518983153337948
1483,0.6419232302692398
1484,0.6039748957017492
1485,0.2542182747039786
1486,0.6570497457027981
1487,0.6437309609109443
1488,0.6729173729546417
1489,0.47704208499748973
1490,0.6290513979807003
1491,0.6423014357952989
1492,0.6670564285633388
1493,0.6754261632123881
1494,0.6441312961975555
1495,0.67565843737442
1496,0.6968861248689436
1497,0.6578679210466924
1498,0.684995132851246
1499,0.6226819425977016
1500,0.6522812246755885
1501,0.6505236874632427
1502,0.6405800492395781
1503,0.60916518188113
1504,0.6320362557520464
1505,0.633098238608958
1506,0.6317444064512205
1507,0.6297190802549087
1508,0.6330495375351668
1509,0.6248358192959339
1510,0.6464350256162895
1511,0.6397287199169893
1512,0.6547221515581941
1513,0.6410044444284747
1514,0.45689102398478554
1515,0.5988685292896305
1516,0.5956437016864726
1517,0.6632618276204305
1518,0.6332783199073674
1519,0.6373183087018883
1520,0.5744833254911861
1521,0.36593894831265605
1522,0.6291340453376759
1523,0.6494901935060873
1524,0.5896709477162109
1525,0.6203153269498304
1526,0.6721605756802196
1527,0.6292525866056442
1528,0.6454255736024487
1529,0.6320941846281902
1530,0.6360470191123611
1531,0.6521419498192695
1532,0.6189934977242421
1533,0.4153457071112985
1534,0.6572881740058113
1535,0.627747779039299
1536,0.6059245483679989
1537,0.6535665423715176
1538,0.6456351687326648
1539,0.6691056348219997
1540,0.6529106995157586
1541,0.66594849888967
1542,0.6526318532998525
1543,0.6061022544470251
1544,0.6724981503999705
1545,0.6675784439944591
1546,0.6466965112161722
1547,0.6322029861543208
1548,0.6254542099201398
1549,0.6632158452400402
1550,0.6534121228566954
1551,0.6328567427538498
1552,0.6129129455223521
1553,0.6404134344601228
1554,0.6381103738414436
1555,0.5979629972799628
1556,0.6403125263377103
1557,0.38076926114891885
1558,0.6414458605456808
1559,0.47499867025831993
1560,0.6223573285394335
1561,0.613620669406165
1562,0.6308501498644087
1563,0.620990155225434
1564,0.5554592487470819
1565,0.6198825340606834
1566,0.6598414267749194
1567,0.6703959301930367
1568,0.5906030495342776
1569,0.6556819571159395
1570,0.5873084436311512
1571,0.604298238731956
1572,0.5954658967509937
1573,0.5999163691432653
1574,0.6090187057485283
1575,0.6149231041188296
1576,0.6367458287135284
1577,0.6470934010568382
1578,0.6206179620755675
1579,0.6107645064649683
1580,0.6614939348254142
1581,0.6262094344466179
1582,0.5989582871558677
1583,0.6109433836287327
1584,0.6320267889570692
1585,0.6340367752828089
1586,0.6249827096117783
1587,0.6373252713387887
1588,0.5919256988920311
1589,0.6367314176971156
1590,0.609175032920078
1591,0.6067495822201122
1592,0.6230170438289844
1593,0.6276318326702186
1594,0.600141476947164
1595,0.6487776863024592
1596,0.6454500486573884
1597,0.621349756801454
1598,0.6259840160904844
1599,0.6385593858742611
1600,0.6494612757894066
1601,0.656154870465671
1602,0.584041743332156
1603,0.6910905545636608
1604,0.6553211840138571
1605,0.6266291537917164
1606,0.6763615597703653
1607,0.6424857360548727
1608,0.5958344631010153
1609,0.6490799757351391
1610,0.6331165242758854
1611,0.6479040464997198
1612,0.6632791032918346
1613,0.6810516955818846
1614,0.5924893950267459
1615,0.6630010600348323
1616,0.5995574333839436
1617,0.6174000129312369
1618,0.6694910098017367
1619,0.6128105633460833
1620,0.6209049878157428
1621,0.6198877408153298
1622,0.6311925487514718
1623,0.41672147169887325
1624,0.6359168225169302
1625,0.64404165422503
1626,0.6405229414880845
1627,0.6422912670830452
1628,0.6356398842935699
1629,0.5553122282556975
1630,0.6489622046387113
1631,0.627460789351976
1632,0.6220534891350594
1633,0.6492679043778843
1634,0.6499514003389956
1635,0.6417487128740575
1636,0.6276448922065682
1637,0.6039750377638212
1638,0.6443154479124144
1639,0.6430040362368131
1640,0.6716014688078544
1641,0.6340070856120411
1642,0.6104288921412153
1643,0.623341823664274
1644,0.6220848538197049
1645,0.6379877883906756
1646,0.6484100403687058
1647,0.639528731131953
1648,0.6242488456489157
1649,0.6429120113121328
1650,0.6562095819933956
1651,0.637596686974543
1652,0.6193458761280142
1653,0.6181324356625298
1654,0.6264963012307176
1655,0.6412748481899174
1656,0.6661405201790738
1657,0.620513187566291
1658,0.6679583522399941
1659,0.6390376658085779
1660,0.6362604052580318
1661,0.676513442642384
1662,0.5768441473204721
1663,0.6647147921507842
1664,0.6436596696804565
1665,0.6419196855954692
1666,0.5976883798597193
1667,0.6007117027490108
1668,0.6451459145863199
1669,0.6159262621770938
1670,0.5831780383254458
1671,0.6517200284579002
1672,0.6280437899767198
1673,0.6129585937622624
1674,0.6583848087050533
1675,0.6414902436681567
1676,0.6088173133082385
1677,0.5693672103584847
1678,0.6568431447829588
1679,0.6075913431476627
1680,0.6149128846963221
1681,0.6438226767680681
1682,0.6515093181857083
1683,0.677682024228468
1684,0.6450959151129972
1685,0.63989340285079
1686,0.6413897945247927
1687,0.5960323080461706
1688,0.6386063553999153
1689,0.631511495837688
1690,0.6062773434013962
1691,0.6377902946570742
1692,0.5974960896819629
1693,0.6169343374922964
1694,0.635147719806859
1695,0.6059494188913135
1696,0.6578326205930752
1697,0.6220180605104738
1698,0.5870076349638907
1699,0.6262983449430667
1700,0.6322104636927165
1701,0.6157328246018663
1702,0.583124092141397
1703,0.6296396375008196
1704,0.6335713416803541
1705,0.6290195726411609
1706,0.5924401529838628
1707,0.6796058564926756
1708,0.631959106799465
1709,0.6611160861075857
1710,0.612345881539555
1711,0.6046153618069467
1712,0.6595227079173035
1713,0.6234186976356405
1714,0.649828900448488
1715,0.6526759821410298
1716,0.6457353540356874
1717,0.6196985018076094
1718,0.6454432131023398
1719,0.6265916361969949
1720,0.6250474320702173
1721,0.6740033385616878
1722,0.6549833178998693
1723,0.666211083322832
1724,0.6396207391316747
1725,0.619845280261613
1726,0.6609027234304068
1727,0.39058575466746537
1728,0.6623571702175743
1729,0.6309702050854262
1730,0.580764230446373
1731,0.6100373130446868
1732,0.6628762958228378
1733,0.6582759474425649
1734,0.654458879512364
1735,0.6252215328026944
1736,0.643164905985504
1737,0.6494170738923295
1738,0.6790981441256202
1739,0.624050429525843
1740,0.5892287143122626
1741,0.6239227061603181
1742,0.5947569570184228
1743,0.651014991504909
1744,0.6080679128603113
1745,0.6501706223471477
1746,0.6655204735803173
1747,0.6148262721664561
1748,0.6313427514164102
1749,0.6332377511765558
1750,0.6593666412119401
1751,0.6379367305067714
1752,0.6280581778101021
1753,0.3072901686070581
1754,0.6688276664337962
1755,0.5776868438332241
1756,0.6099833587155244
1757,0.6031120711331075
1758,0.6383005434110659
1759,0.6169099761107149
1760,0.6765090477082208
1761,0.6537465966390229
1762,0.6127162833377335
1763,0.643485460487561
1764,0.6576148770981433
1765,0.6073258775011392
1766,0.6424842032684472
1767,0.6458592908847014
1768,0.6428780780860964
1769,0.6680700405830348
1770,0.6709170084349783
1771,0.6509705947462814
1772,0.6478689469361159
1773,0.6203894224690327
1774,0.6250958399821621
1775,0.6471522783196284
1776,0.6264320458722813
1777,0.6628422855379412
1778,0.5070885089489542
1779,0.6462340599278897
1780,0.649120220489777
1781,0.6504479012034605
1782,0.6478537732817694
1783,0.6336659964304384
1784,0.6720475095489172
1785,0.5004616530457481
1786,0.6428188852655027
1787,0.6399026549665322
1788,0.6332091281957853
1789,0.6206239889252304
1790,0.6106912201426237
1791,0.6282455843405003
1792,0.647505150034904
1793,0.6503886301812623
1794,0.6685672796551778
1795,0.6354478197048882
1796,0.6603766425519881
1797,0.6311658006680055
1798,0.650694301988634
1799,0.64273006086777
1800,0.628308301379338
1801,0.6703251853574086
1802,0.6627155232103294
1803,0.6314354395101898
1804,0.656828967301544
1805,0.655797628900921
1806,0.6316997658737116
1807,0.6310069671657733
1808,0.6600925578838946
1809,0.6287495646720491
1810,0.6227592768419541
1811,0.6136906220618952
1812,0.6198988665309816
1813,0.48908392933506434
1814,0.6588849888309484
1815,0.58353315081244
1816,0.6485690158164201
1817,0.5270701377781298
1818,0.6417819870189789
1819,0.6455404393806128
1820,0.6287144187537074
1821,0.6405701020278798
1822,0.6483420799016546
1823,0.5803116674355042
1824,0.6020565772399494
1825,0.6102856198464354
1826,0.6476239949537359
1827,0.651274155294455
1828,0.6296164966640387
1829,0.6310652712628629
1830,0.6240140319137176
1831,0.6345837498185453
1832,0.640180385481516
1833,0.6649547495744125
1834,0.5916831897923301
1835,0.6332009961712326
1836,0.6555696544795336
1837,0.6212887689695777
1838,0.6695376402356645
1839,0.6419613462489303
1840,0.6555379046655943
1841,0.6204297602995427
1842,0.6432825193786667
1843,0.6180688901883742
1844,0.6228920987211635
1845,0.637380982172431
1846,0.5101017940804573
1847,0.4737205992990917
1848,0.6067287430455116
1849,0.6514359054343231
1850,0.6497935245327566
1851,0.6228958932072716
1852,0.6313211927902067
1853,0.5623988734157421
1854,0.6168966874428644
1855,0.6746429039856522
1856,0.6240093915301385
1857,0.6059106814797005
1858,0.6413452998472522
1859,0.678416260827123
1860,0.5828842594465625
1861,0.631394448251659
1862,0.6427959859682922
1863,0.6416577163966919
1864,0.5846043797563307
1865,0.6487216840258556
1866,0.6684847054174875
1867,0.6572555381747137
1868,0.6295232694277728
1869,0.6324739259837548
1870,0.6229693393237938
1871,0.3631753878793818
1872,0.6338738972009158
1873,0.6507048430140325
1874,0.6446571227693918
1875,0.6546715134120201
1876,0.6197110977700926
1877,0.6537384312718478
1878,0.617886112969297
1879,0.6294219154770015
1880,0.6025839325332814
1881,0.620086469018943
1882,0.48787031832788735
1883,0.626559329641494
1884,0.6530214524249552
1885,0.6439342875398397
1886,0.6053204641094158
1887,0.6286746177022602
1888,0.6099922563925335
1889,0.6117798290458646
1890,0.6413630960700507
1891,0.6248452617584205
1892,0.6667498890738028
1893,0.4304700568637901
1894,0.6691092648064811
1895,0.6437452035588777
1896,0.6439160501164675
1897,0.649830268876148
1898,0.6656384308447583
1899,0.6518624567072722
1900,0.6354941684203231
1901,0.6258943523696755
1902,0.24896381919503963
1903,0.6679192776546258
1904,0.61412871974285
1905,0.5153279351526667
1906,0.6276906853981933
1907,0.5903226503263378
1908,0.6597908815237753
1909,0.6472018889189932
1910,0.5960537708667941
1911,0.6524659051160278
1912,0.6372824518463232
1913,0.647312006144661
1914,0.6374600489668001
1915,0.6204166990672882
1916,0.6563630212708865
1917,0.6527649517363373
1918,0.639904073420129
1919,0.6499282611587764
1920,0.6538991203517068
1921,0.6235616063581775
1922,0.49071860454888716
1923,0.6277669671117229
1924,0.5645800985933422
1925,0.6304898880337952
1926,0.5780961746998846
1927,0.6158902980296744
1928,0.47212701981601923
1929,0.63905264834983
1930,0.6153184634454731
1931,0.5952159336451353
1932,0.5890123679088554
1933,0.6426887368724173
1934,0.6414886954172117
1935,0.6217192854218745
1936,0.62232915906704
1937,0.6724533587280376
1938,0.6411331749067263
1939,0.6335166800875147
1940,0.6291995152025456
1941,0.668335917603212
1942,0.6763309794599083
1943,0.6577919811130278
1944,0.6450250163656834
1945,0.6267593119650604
1946,0.6501412626850347
1947,0.6020781052256736
1948,0.6596004240977341
1949,0.6359410121960267
1950,0.6316563009420446
1951,0.5858471078201719
1952,0.6430636986095132
1953,0.6275355341577687
1954,0.6368167025692241
1955,0.6542350802448278
1956,0.6443255251258134
1957,0.6456987591198119
1958,0.6304874157892904
1959,0.6411861939331188
1960,0.5450797269603274
1961,0.655406267529875
1962,0.6229615002438821
1963,0.6587812228815
1964,0.6442513969725845
1965,0.6689766408080174
1966,0.47062117097652106
1967,0.6849357694014587
1968,0.5846222111868161
1969,0.6596468808660443
1970,0.6484976004033566
1971,0.6566976411205291
1972,0.6223426296577723
1973,0.6537069629146631
1974,0.6632471893759683
1975,0.6436076624717891
1976,0.6387110168400124
1977,0.6495244102682364
1978,0.6792006880963578
1979,0.6337042970856442
1980,0.6556695036730731
1981,0.6123356554232481
1982,0.6451084476620251
1983,0.6443461522131008
1984,0.668023130589349
1985,0.6436087438265689
1986,0.6165218782156565
1987,0.5981330819639541
1988,0.619233222501335
1989,0.6704239475408098
1990,0.61827246150276
1991,0.6454316317281444
1992,0.6258130148888614
1993,0.6654226691853012
1994,0.6688417256445182
1995,0.646191773707854
1996,0.6455694641751971
1997,0.6304797511827245
1998,0.6048089522629245
1999,0.5753278177697699
2000,0.6333538527905332
2001,0.6598351491870983
2002,0.654919172733002
2003,0.6095801845237312
2004,0.6549522441346459
2005,0.6503507440724375
2006,0.6337021484095049
2007,0.6260191724943731
2008,0.6328824165310445
2009,0.6286940012917165
2010,0.6765505656974994
2011,0.6034372014463617
2012,0.628319470882287
2013,0.5676842565814502
2014,0.6414132879917628
2015,0.6384762797477288
2016,0.6041100197436082
2017,0.630606838738148
2018,0.667745142261261
2019,0.6662149107186273
2020,0.6379509752464566
2021,0.6683435480393992
2022,0.6454154548503004
2023,0.6419051587308289
2024,0.6090288929137455
2025,0.6131861080470892
2026,0.6496658196060522
2027,0.6169341880435338
2028,0.581240156758008
2029,0.6599746443933553
2030,0.6399618710682534
2031,0.629781896991562
2032,0.6436324716305325
2033,0.6157315497650954
2034,0.6131020602269519
2035,0.6182482559293105
2036,0.6205903239972426
2037,0.673942120651693
2038,0.6065015558074159
2039,0.5817788860818596
2040,0.6790861189106725
2041,0.6462452645596819
2042,0.6545210405252119
2043,0.6362688436941999
2044,0.4785491818120634
2045,0.6637443606907747
2046,0.6584830426234709
2047,0.5723422142402288
2048,0.6170258556436604
2049,0.6410093528511938
2050,0.5946361406501458
2051,0.6130250912433598
2052,0.6506263118387535
2053,0.47236249756920184
2054,0.6427952750860765
2055,0.6482152316383663
2056,0.4735217010162939
2057,0.6447414656627429
2058,0.5885961827162841
2059,0.5677930062552162
2060,0.6070952957482498
2061,0.6510930679631056
2062,0.6516784031881258
2063,0.6490362262990165
2064,0.6552414778151716
2065,0.6105934743104291
2066,0.6392590297915243
2067,0.6494885924231795
2068,0.6363459677610834
2069,0.6414607593005983
2070,0.6570499172097992
2071,0.5996409568399048
2072,0.6175718783326773
2073,0.6174571503579734
2074,0.6211708907700116
2075,0.6443243220992791
2076,0.6352956561603347
2077,0.6578572947761685
2078,0.6229887031520547
2079,0.6357874029612616
2080,0.6592314053590307
2081,0.507464070576269
2082,0.5747839811526111
2083,0.664426616101926
2084,0.6486887809907538
2085,0.6078106759205913
2086,0.6546619737404442
2087,0.6283956818707268
2088,0.6110361495888847
2089,0.6622178005211696
2090,0.5223471085204537
2091,0.6475187726212197
2092,0.6551502605714851
2093,0.6192329810345244
2094,0.6486500420470381
2095,0.6076930382319775
2096,0.6270611420986172
2097,0.6552068961197199
2098,0.631028072825023
2099,0.6184555242314761
2100,0.630175908733493
2101,0.6460891176082475
2102,0.6050594495686142
2103,0.5396057789968512
2104,0.6810469995680575
2105,0.6389654871303962
2106,0.6260224702000411
2107,0.6111340427562046
2108,0.6585287263437708
2109,0.6097344521143445
2110,0.6584373161970718
2111,0.6303192919536381
2112,0.6334676095157205
2113,0.6210707712644291
2114,0.5901434110715027
2115,0.6532720630000965
2116,0.6264473730765909
2117,0.6494805041712497
2118,0.6481540738304796
2119,0.5746863726226535
2120,0.6587107065064716
2121,0.6508195140618521
2122,0.6158952236968971
2123,0.6400431647904586
2124,0.646049737799813
2125,0.6421252584074553
2126,0.5836953222947918
2127,0.6437414240635089
2128,0.6561967852219965
2129,0.6207091080236958
2130,0.6081442682997652
2131,0.6491240730723564
2132,0.6475164148542762
2133,0.5325456685189758
2134,0.6570304268110571
2135,0.6312224555034895
2136,0.6573946562168453
2137,0.6442295970645641
2138,0.6372493843471713
2139,0.6679225256675019
2140,0.6245062780706787
2141,0.4754042123308172
2142,0.658286162701872
2143,0.6434646597887167
2144,0.6355777810424056
2145,0.6618189801816289
2146,0.6061500786033499
2147,0.6567821115599042
2148,0.6213088974088915
2149,0.6146429671839827
2150,0.6255035565389785
2151,0.6566583500488368
2152,0.5477132507597539
2153,0.6319842335342746
2154,0.6626695242585565
2155,0.681696782516316
2156,0.6325192903135577
2157,0.4257506304602658
2158,0.5902028378818189
2159,0.6542458395394497
2160,0.6293010338092628
2161,0.579013073151041
2162,0.5823667101245614
2163,0.6208930378518117
2164,0.6111248300788099
2165,0.6712595995618372
2166,0.6655576011098129
2167,0.6577271780688474
2168,0.49153458307105846
2169,0.6585510847428748
2170,0.6115776526258576
2171,0.6268841764440779
2172,0.6221034797371983
2173,0.6336062662690142
2174,0.6224324477925777
2175,0.6514114309652234
2176,0.6281612423999867
2177,0.6341469393301591
2178,0.5496487161762522
2179,0.631801935240097
2180,0.6347319922731577
2181,0.6187114804792129
2182,0.18704921452217527
2183,0.6077742053590633
2184,0.5842493966787007
2185,0.6082852407407222
2186,0.6695219952203966
2187,0.6367270397080929
2188,0.643740095183903
2189,0.6608241502822992
2190,0.6407937993757895
2191,0.6085914108954663
2192,0.6063481339437439
2193,0.577392863630831
2194,0.6298403655794959
2195,0.6239876725139067
2196,0.6631240697830911
2197,0.6518026381124296
2198,0.6452087733349573
2199,0.6290872570031519
2200,0.6592895417440761
2201,0.6358635309412083
2202,0.5787242352412918
2203,0.6533741875423125
2204,0.6563809430218982
2205,0.6418832486851922
2206,0.599163944019653
2207,0.6434881605588246
2208,0.6368421300817892
2209,0.6267012053816426
2210,0.6158357914767284
2211,0.6182048090042944
2212,0.6689365704720012
2213,0.645391266861403
2214,0.6179149524067917
2215,0.6317956529453719
2216,0.6223403639743367
2217,0.6698688308710957
2218,0.6661526061314736
2219,0.654574014245678
2220,0.6316849409539665
2221,0.6524449450261993
2222,0.6157221036085795
2223,0.6705781812665804
2224,0.6399434963229786
2225,0.6442172591696468
2226,0.6320294403761073
2227,0.6110754191646363
2228,0.676832073075191
2229,0.6352068694209047
2230,0.5801000609897391
2231,0.6196966874263903
2232,0.6389281451149824
2233,0.6282469401188091
2234,0.6500631035038748
2235,0.5547995455400219
2236,0.6603128422932946
2237,0.6440153909691128
2238,0.5986031731016495
2239,0.6197591001258249
2240,0.47476632307458766
2241,0.6493809810230904
2242,0.6417888197447422
2243,0.6122548408323488
2244,0.5868495693170331
2245,0.6184520151044816
2246,0.6620565589542381
2247,0.6583041269002439
2248,0.652136852271159
2249,0.6347007358974851
2250,0.6438784209523786
2251,0.6488374551187497
2252,0.6460962150027083
2253,0.5888608660357233
2254,0.6387518706665634
2255,0.6195448117609066
2256,0.6423401470483623
2257,0.6341601790569148
2258,0.6340406683807731
2259,0.6593333648194328
2260,0.5911771416150673
2261,0.5995203607960357
2262,0.4686559681251908
2263,0.6378304557242137
2264,0.6198789006108845
2265,0.6183867892184195
2266,0.5990600724932016
2267,0.6051203412329601
2268,0.6158506175710657
2269,0.6473595959786252
2270,0.661791545869366
2271,0.5776590350485145
2272,0.6493522191235438
2273,0.683772257257905
2274,0.6714126328259907
2275,0.6353400946509697
2276,0.6255000429033473
2277,0.6399524247041665
2278,0.6366319836971878
2279,0.6343818380903581
2280,0.6510964371600981
2281,0.6600505404186077
2282,0.6353279769851061
2283,0.6600612621954456
2284,0.6459514127123739
2285,0.621652945025852
2286,0.6441847213066598
2287,0.6350117681650462
2288,0.6413900588433974
2289,0.6395114347693954
2290,0.6238075527731894
2291,0.6182661202876089
2292,0.6377714469284886
2293,0.6549994813789537
2294,0.6145965202676825
2295,0.6030819686938372
2296,0.6575697524590335
2297,0.6231738215904454
2298,0.6144284578653825
2299,0.6304047869473531
2300,0.6219151828780493
2301,0.6325857228077442
2302,0.6334629146033353
2303,0.6532113583156184
2304,0.44684990175878525
2305,0.6349656443364421
2306,0.6479356659565902
2307,0.640736892492902
2308,0.6013096868980066
2309,0.5846658771286876
2310,0.6563623963460703
2311,0.5906684286784236
2312,0.6770007732882107
2313,0.6253018795849381
2314,0.6296572898535048
2315,0.638708322219633
2316,0.636230159726005
2317,0.6395278793229473
2318,0.6719138341790033
2319,0.6356481416733334
2320,0.6152137770859635
2321,0.6499035889174861
2322,0.6641062361816423
2323,0.6283310101811468
2324,0.6396184123612039
2325,0.4727432863790531
2326,0.6212325907360962
2327,0.6203473668176677
2328,0.62220139586745
2329,0.6694040579559448
2330,0.6266559770343617
2331,0.6748477598274937
2332,0.6334708135359113
2333,0.6609503390177819
2334,0.625711515203932
2335,0.5975935962419128
2336,0.6432354604738603
2337,0.647330287204773
2338,0.5797151226260722
2339,0.6119012943172987
2340,0.6187915077861773
2341,0.5426175703978738
2342,0.6040566101459176
2343,0.6314007251996426
2344,0.6406112889906732
2345,0.6413145463743863
2346,0.6375947078083133
2347,0.6344089013716984
2348,0.5988978489886647
2349,0.6133586485548453
2350,0.6360225549989585
2351,0.6427505038074744
2352,0.6488060682769081
2353,0.6147637315815148
2354,0.6440493923523177
2355,0.6178469707730111
2356,0.6429921930685916
2357,0.6353948061419509
2358,0.5915056071397146
2359,0.6175625930806996
2360,0.6454411538980134
2361,0.6477424470267976
2362,0.6365746492363845
2363,0.6130621265112186
2364,0.6679422800988561
2365,0.6159939885797938
2366,0.6292444297487227
2367,0.6148033455324988
2368,0.6624652944996927
2369,0.6358991966284668
2370,0.6022015792034485
2371,0.6332985004962088
2372,0.622890221483428
2373,0.6706507649578037
2374,0.6301197563997392
2375,0.6326493734272717
2376,0.6245940680241476
2377,0.6302289228258662
2378,0.6312924473345466
2379,0.6439498602181414
2380,0.6009876871894522
2381,0.6510981409024568
2382,0.6339175367770907
2383,0.6128023750399962
2384,0.6229164782073555
2385,0.6294944631559852
2386,0.6216670803317823
2387,0.6135674496082253
2388,0.6249360739606667
2389,0.6184034358815071
2390,0.6240457556392485
2391,0.6663123453151882
2392,0.6280627402659344
2393,0.6615721674114067
2394,0.6480308030244089
2395,0.6555446937680907
2396,0.6570504709498742
2397,0.6233487266812094
2398,0.606221435439491
2399,0.6453738598876644
2400,0.6368698262336968
2401,0.6077245590179495
2402,0.6680956163761022
2403,0.6153584734540787
2404,0.6580129027082041
2405,0.6295052957097212
2406,0.6072065307888252
2407,0.6412242790928364
2408,0.6437985398834151
2409,0.6506477710323106
2410,0.6955549312420831
2411,0.6410188196171228
2412,0.6727484519425093
2413,0.5860053035810873
2414,0.6321406300897279
2415,0.6674063377324596
2416,0.6444913176470296
2417,0.6777353636753942
2418,0.5944429089624138
2419,0.6642909748352622
2420,0.5834839553121425
2421,0.6196174891065037
2422,0.6434218492997682
2423,0.6022413085775083
2424,0.6583404666303636
2425,0.6676703072813953
2426,0.6642950918582677
2427,0.6196480364985067
2428,0.6389115749731042
2429,0.6262257891555733
2430,0.6374404759192775
2431,0.6189173729739599
2432,0.6652958810068933
2433,0.6383786954618001
2434,0.6604998904036564
2435,0.6644230311560899
2436,0.6046204001411289
2437,0.666456925230466
2438,0.6457022304470748
2439,0.5144715570422623
2440,0.6594939930948173
2441,0.6599486915585975
2442,0.6707957970010524
2443,0.5923588814899654
2444,0.6003929181389235
2445,0.6179400286153258
2446,0.6756636662961805
2447,0.6505193812960548
2448,0.6200024521498311
2449,0.6447579413264825
2450,0.6097712827275448
2451,0.6020043286955072
2452,0.6372516796713655
2453,0.6743943659028189
2454,0.6441572308765418
2455,0.6115417058142031
2456,0.6078423318827766
2457,0.6313437599082318
2458,0.6141752251843188
2459,0.6113484944770183
2460,0.5984670506758467
2461,0.6273587103390819
2462,0.6350290626520402
2463,0.5161577535213862
2464,0.639198133999518
2465,0.6078381998000979
2466,0.6722177859847517
2467,0.6441567133067247
2468,0.705119097938122
2469,0.6500627849563955
2470,0.6488752105979925
2471,0.684072505601614
2472,0.6215580844739134
2473,0.6238174770774269
2474,0.6481018161765587
2475,0.654667861175842
2476,0.6449458234607685
2477,0.6210280598584179
2478,0.65922059937945
2479,0.63480018612555
2480,0.637607059902685
2481,0.6359450968761668
2482,0.6058468049761034
2483,0.25232910381670937
2484,0.6166819794568981
2485,0.6486690882261839
2486,0.6285661002767797
2487,0.599147102275532
2488,0.6180964388436908
2489,0.6557520942692853
2490,0.5675898330843049
2491,0.6652870390690809
2492,0.6430215861328824
2493,0.6284946900442021
2494,0.5613003603041908
2495,0.5930446290055015
2496,0.6650434038413057
2497,0.5836971656132476
2498,0.6005626480267435
2499,0.6231457223125554
2500,0.6329235265916615
2501,0.651719431270713
2502,0.5839077364335222
2503,0.6195115299370777
2504,0.488934417121723
2505,0.6581572621119347
2506,0.5959333036613014
2507,0.6125400508432212
2508,0.5615669623659426
2509,0.6706863023022832
2510,0.6802357203168545
2511,0.6689975741976673
2512,0.6378140430664212
2513,0.6280745514515574
2514,0.6601684980832967
2515,0.6313894504072411
2516,0.6663731103321318
2517,0.6005047625194935
2518,0.6163377907279346
2519,0.6432615080290857
2520,0.6373788904363931
2521,0.6494591055899812
2522,0.6667875997055319
2523,0.6337824595669543
2524,0.6315143572747203
2525,0.6731617512210409
2526,0.6714305966904706
2527,0.6605026665156117
2528,0.6335662125266109
2529,0.5905102291347203
2530,0.6093775340108897
2531,0.6509576645525528
2532,0.6606759950661513
2533,0.6398315462959446
2534,0.6158275216705742
2535,0.6153713302961114
2536,0.6245303002176146
2537,0.6249001226566756
2538,0.6427280854077814
2539,0.6342457246124147
2540,0.658391899401041
2541,0.6253929213294198
2542,0.6544318939459359
2543,0.629876253116575
2544,0.623963209588231
2545,0.630564605379332
2546,0.655551732718187
2547,0.6702681900866541
2548,0.6406526042664487
2549,0.6299562678117709
2550,0.6686559919916676
2551,0.6319191532144539
2552,0.6542189826257074
2553,0.6144083088067497
2554,0.5474082278867815
2555,0.5117951681678686
2556,0.6640814070461981
2557,0.6238956774622275
2558,0.647799028684718
2559,0.6618777003449168
2560,0.6680872122797241
2561,0.6213088417257029
2562,0.6236320046137959
2563,0.625951839287081
2564,0.6373827762491894
2565,0.5921893847602946
2566,0.5942689995684558
2567,0.6116738135155452
2568,0.5773027510101878
2569,0.6336819878601667
2570,0.6250548650306338
2571,0.6326516519182973
2572,0.6419773022923565
2573,0.6574440196703304
2574,0.6529204688999865
2575,0.63905074419884
2576,0.6409102340949109
2577,0.23198565946494937
2578,0.6470889498271677
2579,0.664701234233734
2580,0.6491191218116266
2581,0.6510577401468903
2582,0.6198251429356321
2583,0.5978199318326418
2584,0.6962648308808
2585,0.623432280614433
2586,0.6506713817423637
2587,0.5416464296798091
2588,0.650560426000181
2589,0.6408178637251519
2590,0.6264915608401456
2591,0.48122547177852626
2592,0.6344149144022865
2593,0.6482799681003926
2594,0.6491762868663538
2595,0.6339080288372874
2596,0.6439529525989931
2597,0.6210528822353767
2598,0.6574928109098321
2599,0.672591226186439
2600,0.6249658304968329
2601,0.6337781561159205
2602,0.613139786551684
2603,0.6450724203198114
2604,0.6424530785669327
2605,0.6405526846286121
2606,0.5875816954392475
2607,0.6131747611028426
2608,0.6722798144963759
2609,0.6675568119959513
2610,0.6402412649289271
2611,0.6562080937434345
2612,0.638926894790825
2613,0.6714549952031245
2614,0.6350633416351688
2615,0.6671735864526215
2616,0.6443559029057309
2617,0.6698747981558055
2618,0.6024435004601744
2619,0.6190164320706375
2620,0.6101571956118403
2621,0.6422544731638902
2622,0.6596117530260306
2623,0.5990581449700353
2624,0.5420542948139632
2625,0.512785533774968
2626,0.6347758463201485
2627,0.6345323153959243
2628,0.6159357240500333
2629,0.6763746355747782
2630,0.670973405240564
2631,0.6287586948066226
2632,0.6342894215062493
2633,0.6707302268142732
2634,0.6347652141177014
2635,0.6618013594627595
2636,0.6203944555168153
2637,0.6212377001692273
2638,0.620982078588244
2639,0.6695003803100289
2640,0.6161474153525245
2641,0.6600606369003978
2642,0.6532586029339295
2643,0.6303349585257447
2644,0.6405412456985711
2645,0.5989787327567718
2646,0.4725143599672993
2647,0.6257691657226845
2648,0.6420701148921637
2649,0.6057857790211306
2650,0.6607404777666539
2651,0.634252241032263
2652,0.6235260134746369
2653,0.6577276049662015
2654,0.6182898666329614
2655,0.6170480059724152
2656,0.6310302808197753
2657,0.6708696202008351
2658,0.3570250266629401
2659,0.3909416406965849
2660,0.6451849048199709
2661,0.6644180165908853
2662,0.6622640835947405
2663,0.6286887121283323
2664,0.5880507953781495
2665,0.6719998877106573
2666,0.6214144564931119
2667,0.6089531582471482
2668,0.6345174253012228
2669,0.6456125556793307
2670,0.6422645391597489
2671,0.6484260013469085
2672,0.6419409399177667
2673,0.6147571944721294
2674,0.62783340139043
2675,0.6385251631212109
2676,0.6550844337037197
2677,0.46762608704966235
2678,0.6853191827615478
2679,0.625589870244097
2680,0.6824213088946864
2681,0.6496611713996042
2682,0.6558921109467085
2683,0.626355602800724
2684,0.6397913812651069
2685,0.3390068574717935
2686,0.6121495833007967
2687,0.6160876258972453
2688,0.6579049710430781
2689,0.6181845897733825
2690,0.6553638941655984
2691,0.655682284184579
2692,0.610697687268015
2693,0.6474832098524659
2694,0.6590209950734495
2695,0.6223785514328614
2696,0.6385452079798558
2697,0.6143322565584104
2698,0.6495110963346311
2699,0.5894203907587141
2700,0.6404232079952548
2701,0.62417084765097
2702,0.6832527354472087
2703,0.3025736158836522
2704,0.6619262058947167
2705,0.6278001647638783
2706,0.6537137232830919
2707,0.6625504389206087
2708,0.6501660327992443
2709,0.6245490912560065
2710,0.6580001466105148
2711,0.6554825559192898
2712,0.6578148869654306
2713,0.6470064855610692
2714,0.6137910010506085
2715,0.659780593398639
2716,0.6257008069522975
2717,0.5950964046675921
2718,0.629763735568123
2719,0.6295566179754982
2720,0.6546061253375558
2721,0.6312820572289293
2722,0.6146031893200594
2723,0.6328738973219592
2724,0.6346388376258333
2725,0.5328428936505493
2726,0.610669626965574
2727,0.6534286380552631
2728,0.6185363859289146
2729,0.6300485737652717
2730,0.6633536956563933
2731,0.6531173672496914
2732,0.6563395904159497
2733,0.6641640194706223
2734,0.6334250046459086
2735,0.6594318578982649
2736,0.6274039451550509
2737,0.6660093456530493
2738,0.6621308087557481
2739,0.6007020294909218
2740,0.6409902407329884
2741,0.6681965158601281
2742,0.6309770866267237
2743,0.6170828948423854
2744,0.6359624417397225
2745,0.6657634244743023
2746,0.6133903717302964
2747,0.6228966475196045
2748,0.6327884567114961
2749,0.628181537348258
2750,0.6611933693924867
2751,0.6249601750018499
2752,0.2156843343174746
2753,0.6718573673286049
2754,0.6048562509035725
2755,0.6580494630675036
2756,0.6298834406888
2757,0.6640610379355927
2758,0.6236447424451811
2759,0.5662773420315185
2760,0.6123590668477538
2761,0.6753129415944715
2762,0.6478945361588561
2763,0.6139517322084022
2764,0.6312952387713936
2765,0.5886172222384729
2766,0.5360257769454128
2767,0.6420958953711549
2768,0.651370425651006
2769,0.5937259128490562
2770,0.6459967442961735
2771,0.6288574904452602
2772,0.561109660079367
2773,0.6598177910084237
2774,0.6505642058993398
2775,0.6579404029245886
2776,0.5564413040554546
2777,0.6397151838289383
2778,0.6613016961443116
2779,0.5903421557517893
2780,0.4039584950567454
2781,0.6176480043265693
2782,0.6320990494340041
2783,0.57959498135718
2784,0.44203435947922376
2785,0.6150919600602057
2786,0.6108203058766659
2787,0.5786260032311782
2788,0.6289669954697937
2789,0.6483972065316257
2790,0.5964850589165381
2791,0.6526134853643788
2792,0.5685900141595494
2793,0.6204252856227802
2794,0.6411132388910379
2795,0.43318479584436265
2796,0.6447099244712864
2797,0.6505588141840667
2798,0.6349153573290756
2799,0.6039110198436244
2800,0.6477221281289702
2801,0.6718265436262904
2802,0.6023383592881657
2803,0.6671449252568952
2804,0.5629219445512295
2805,0.6134271445423737
2806,0.6170496911684371
2807,0.623967314319545
2808,0.6271623179588172
2809,0.5769490842515881
2810,0.612293975786393
2811,0.6196333979394313
2812,0.6556545515127921
2813,0.5758254148354265
2814,0.6365642305762552
2815,0.6098048943366781
2816,0.6387516106196113
2817,0.6419241187523425
2818,0.55601824653617
2819,0.6725597232310365
2820,0.6772031645911527
2821,0.6612780042531928
2822,0.6110086428929815
2823,0.6438936855341164
2824,0.6509588949627362
2825,0.6296535171406068
2826,0.6516522030379107
2827,0.6489893246542368
2828,0.6449914802766851
2829,0.6248144729008266
2830,0.6268191554669189
2831,0.6384469349567339
2832,0.625778417570759
2833,0.6021247168721944
2834,0.6498776062806412
2835,0.4872397146326142
2836,0.625777228656131
2837,0.6115295295583978
2838,0.626378018484903
2839,0.5792931495103527
2840,0.6348351244007118
2841,0.5929364717746328
2842,0.6377351135135196
2843,0.6563802373158406
2844,0.654643283080349
2845,0.6305179660409609
2846,0.6266829358351216
2847,0.6551671171628639
2848,0.6497808373391674
2849,0.4345528349804293
2850,0.6875704035176892
2851,0.6416682306665309
2852,0.6300769439574861
2853,0.6475901890552848
2854,0.665520257977625
2855,0.5194225224132115
2856,0.611940858960566
2857,0.6085548830541367
2858,0.6769787860341946
2859,0.6323314305102392
2860,0.6539257605681102
2861,0.6254398137266942
2862,0.6270744320394935
2863,0.6422441090936934
2864,0.6246931615422581
2865,0.6393361852146656
2866,0.6566327514080726
2867,0.6796433798863535
2868,0.6638132496542455
2869,0.6323596193905183
2870,0.6176838305914417
2871,0.6299197506602594
2872,0.6209842296276786
2873,0.5847776288116904
2874,0.6503187492564751
2875,0.641707593377985
2876,0.6134050821942284
2877,0.6123056936413135
2878,0.6167946459618093
2879,0.6341833131001302
2880,0.6505170616965387
2881,0.6563290860065281
2882,0.40906502680838863
2883,0.6244143158690393
2884,0.6551294768120104
2885,0.6572723641648822
2886,0.6339919443098693
2887,0.6124072704782269
2888,0.6237793773605501
2889,0.6488099778494685
2890,0.601691464015835
2891,0.5977619949395186
2892,0.6621945248880724
2893,0.6313042966732304
2894,0.6117128799214808
2895,0.6514106321707406
2896,0.635819560481869
2897,0.6621157209511432
2898,0.6444488176532095
2899,0.632297364574813
2900,0.6199645070606742
2901,0.6177984747339702
2902,0.6588422496591517
2903,0.6606342103787559
2904,0.6598797057106276
2905,0.6203748670493837
2906,0.6297271087461416
2907,0.6414703706938961
2908,0.6159914621025847
2909,0.6500105932473343
2910,0.6673444865329771
2911,0.6208639898797614
2912,0.6753854846260396
2913,0.659766755954545
2914,0.6451278963493283
2915,0.5987484771214264
2916,0.644154134148672
2917,0.6636888203416248
2918,0.6371979820556805
2919,0.6207798956732277
2920,0.6668250663952822
2921,0.6161831911913286
2922,0.6539860046597274
2923,0.6408392045320087
2924,0.4997724684246337
2925,0.6190201994577675
2926,0.6373474987228558
2927,0.6167542572211948
2928,0.6308087420071601
2929,0.6578838225059047
2930,0.650845375731271
2931,0.6653882450493794
2932,0.6676682023238101
2933,0.630384733535392
2934,0.6506703902095395
2935,0.6282174732818244
2936,0.6544111058441473
2937,0.6369947806148176
2938,0.6002368644712062
2939,0.6339470977542903
2940,0.6338317847222464
2941,0.6635373931894931
2942,0.6538840837157285
2943,0.6565657857712843
2944,0.6631987681299609
2945,0.6332426556207755
2946,0.6467565177139631
2947,0.6611275496657565
2948,0.6068405806638725
2949,0.6446299349574798
2950,0.6552932667577881
2951,0.6181345103903937
2952,0.6171904497934695
2953,0.6071070303113028
2954,0.6305938866910168
2955,0.6455107145339012
2956,0.6296471423412029
2957,0.6203772718035531
2958,0.6499262942487701
2959,0.6523890490581842
2960,0.5731729721657096
2961,0.6578476090876049
2962,0.6489842365161304
2963,0.6199398725841416
2964,0.6745234581426639
2965,0.6446614662422885
2966,0.6263357582025131
2967,0.6626631279897373
2968,0.5787995620338076
2969,0.5780301856195097
2970,0.66943687648877
2971,0.6166240001428548
2972,0.6252132701993783
2973,0.642160564823429
2974,0.6546058987563255
2975,0.6405935030403044
2976,0.6528205441697685
2977,0.6280481648385173
2978,0.6171070233711673
2979,0.6122329271762446
2980,0.6498493360258896
2981,0.6483270243370512
2982,0.6460177564261359
2983,0.6333533862826356
2984,0.6470318747757998
2985,0.6574799288680505
2986,0.6180777689932755
2987,0.614081727259734
2988,0.6183113487743833
2989,0.626223496472261
2990,0.6204502724310536
2991,0.6049241532359474
2992,0.6565976382102128
2993,0.6066997539643465
2994,0.6327633308183962
2995,0.6316755644550681
2996,0.649329499003645
2997,0.6641313108238933
2998,0.6717089155954534
2999,0.577236503175947
3000,0.6554003832289415
3001,0.6068833863729298
3002,0.6392613094565923
3003,0.6327395936867625
3004,0.6388118254467445
3005,0.6500075622037542
3006,0.5732260033206479
3007,0.6382358996066778
3008,0.659058461693591
3009,0.6004182856483303
3010,0.6301354679345799
3011,0.6140153449356099
3012,0.6342291627458907
3013,0.6438617885519851
3014,0.6515820268597545
3015,0.600720822521139
3016,0.6243630204702738
3017,0.6346924906265822
3018,0.6134388046733281
3019,0.6412752907053884
3020,0.6365064239399695
3021,0.6724878779151335
3022,0.6493702875701572
3023,0.6248414853503325
3024,0.6320005982332776
3025,0.6110274637610594
3026,0.6222078778162073
3027,0.5994726853038466
3028,0.6573614448892575
3029,0.6711012567825634
3030,0.6797518786430354
3031,0.6679547640174063
3032,0.6683502114129682
3033,0.6509548543656689
3034,0.6634182562595341
3035,0.6138380753802921
3036,0.4239632192342974
3037,0.6661691247470519
3038,0.6086030054532671
3039,0.6290160765241756
3040,0.6441620852873904
3041,0.5981917835431074
3042,0.644946434635013
3043,0.6208796235877634
3044,0.6410846190705878
3045,0.6584272222526775
3046,0.6616489608883613
3047,0.6472053026206374
3048,0.6441909009506692
3049,0.6400125714256412
3050,0.568959440446981
3051,0.6310287012347445
3052,0.6406028974459589
3053,0.6238747230876831
3054,0.6145681778834382
3055,0.6467825493235179
3056,0.6408331370994167
3057,0.6207981828178221
3058,0.5906418647857634
3059,0.6441360485631233
3060,0.6786599624070598
3061,0.5583266855710953
3062,0.616457940000406
3063,0.5927700108948158
3064,0.6315804600714052
3065,0.6329713393792268
3066,0.6325964070025263
3067,0.6446649304414063
3068,0.6006655051595708
3069,0.6540871799010078
3070,0.6270394815067705
3071,0.6764431955192923
3072,0.6031519349780309
3073,0.6483844827075306
3074,0.5678534424567262
3075,0.6468982386170596
3076,0.6425986058928078
3077,0.6477215395462382
3078,0.6230612886273807
3079,0.6430932920398773
3080,0.635289878054974
3081,0.6544403904467754
3082,0.5923340116092115
3083,0.63877656716234
3084,0.5937488177517714
3085,0.6408497443817031
3086,0.6594930524525441
3087,0.5895917412651197
3088,0.6346037188598505
3089,0.6455450144483597
3090,0.5108315886041409
3091,0.641539445883339
3092,0.6276930194882222
3093,0.6700818081660087
3094,0.6036816741877221
3095,0.671470088672593
3096,0.666770011257341
3097,0.6808179838256491
3098,0.6090828343226633
3099,0.6222581366524116
3100,0.5895113914743129
3101,0.6377943943414593
3102,0.6509776573890677
3103,0.6226780713912953
3104,0.5619072611677521
3105,0.6531777418015151
3106,0.6597968762012054
3107,0.610319287595876
3108,0.6349040379492396
3109,0.6272729615134626
3110,0.1657806066511703
3111,0.619903518285617
3112,0.6277014125706506
3113,0.6346224685178383
3114,0.6288414867954275
3115,0.6414899652577548
3116,0.5593689054054078
3117,0.6102172210061065
3118,0.6536703341329669
3119,0.5971405952869224
3120,0.6019263294670545
3121,0.6484551803576929
3122,0.6284174204995608
3123,0.6486919523954155
3124,0.6107851958792142
3125,0.6144821834144399
3126,0.6690203254838526
3127,0.5841693428132534
3128,0.6775144103801723
3129,0.6462998121214417
3130,0.6197076772118211
3131,0.6430679745200122
3132,0.6688699035917157
3133,0.6145985362783442
3134,0.6627390491561516
3135,0.6126991355927519
3136,0.6479043594564047
3137,0.6498382467775897
3138,0.6278458662535898
3139,0.6347245442466217
3140,0.6366126095873259
3141,0.6440405824287007
3142,0.6056172697041825
3143,0.6498618442674822
3144,0.6227620996053062
3145,0.6378330203266988
3146,0.6591281901100956
3147,0.6097972224876801
3148,0.6410000487901272
3149,0.643013988916498
3150,0.6510283414259925
3151,0.6777623882547861
3152,0.47805287039446465
3153,0.6142529681521358
3154,0.6260336973622893
3155,0.640300601871916
3156,0.6544181269817928
3157,0.6748657260656602
3158,0.5999954510259664
3159,0.6477852485434427
3160,0.660833614083374
3161,0.6230220167713842
3162,0.6318647956026109
3163,0.7080457044971573
3164,0.6319063688330303
3165,0.6469322592687725
3166,0.6308122116085235
3167,0.6197749505904232
3168,0.6581599135687104
3169,0.6422474467258805
3170,0.6370098508919128
3171,0.6454902901859216
3172,0.5969101617946676
3173,0.6567093739825005
3174,0.6624953223176484
3175,0.6225494776445485
3176,0.6445827115576839
3177,0.6337456941156252
3178,0.6096511172995146
3179,0.6262160893628544
3180,0.6314946540120768
3181,0.6478428888535573
3182,0.6292114834298453
3183,0.6385756609701398
3184,0.6505768550277471
3185,0.6634445984062397
3186,0.6402539258368954
3187,0.5954740581351811
3188,0.6679858782335173
3189,0.6297565400576491
3190,0.6256060344387158
3191,0.6406106799510913
3192,0.6313083498629521
3193,0.6665624025635367
3194,0.610945256242909
3195,0.5784015392279879
3196,0.6608089985501978
3197,0.6114280241016193
3198,0.611478724940873
3199,0.5760294443165543
3200,0.6481985093235065
3201,0.5910509749898173
3202,0.6411538291161721
3203,0.6425927660197623
3204,0.6297577912157631
3205,0.644031706414745
3206,0.6329790160508036
3207,0.6185599910562632
3208,0.5857549376204495
3209,0.6438755297288664
3210,0.6553834549707884
3211,0.6195144501510179
3212,0.6205681821901905
3213,0.6015142558172429
3214,0.6353284357858102
3215,0.626044422750511
3216,0.6537059036214001
3217,0.6243572705218187
3218,0.6574734351629843
3219,0.6555526251442474
3220,0.5990240452490035
3221,0.5801431463688465
3222,0.6499499131960007
3223,0.644408600332631
3224,0.6574969157385624
3225,0.6201834246835154
3226,0.6415217900689263
3227,0.6424368839809412
3228,0.6032389893681892
3229,0.6548725814995184
3230,0.5907134998453917
3231,0.6647559300816437
3232,0.6326285316924745
3233,0.6304554112393972
3234,0.6221828933438222
3235,0.5988666970757216
3236,0.6071486075256417
3237,0.6259366366639408
3238,0.6589342844634601
3239,0.5967016304346496
3240,0.6262033746945922
3241,0.6456310893575004
3242,0.5749098099299875
3243,0.6077852908100222
3244,0.6535689558019327
3245,0.6426094769909708
3246,0.6107165103674836
3247,0.6148853427554225
3248,0.6561951476730461
3249,0.6404059659331838
3250,0.6221585515522211
3251,0.5574441873000866
3252,0.6651399079597122
3253,0.63837740061338
3254,0.6590449335943502
3255,0.6109697874949518
3256,0.6371429644557631
3257,0.6421285704550689
3258,0.5813264296568049
3259,0.6327316268174317
3260,0.6591277250275988
3261,0.6697960962418272
3262,0.6650031674376772
3263,0.6589251240419809
3264,0.6575429265079921
3265,0.6086355491088475
3266,0.6741779296760301
3267,0.6434129870258263
3268,0.6122089981597224
3269,0.6660449999261763
3270,0.6037574596137927
3271,0.5585559466852705
3272,0.5970630258680457
3273,0.6278444097800124
3274,0.6589204907975573
3275,0.6239252880983035
3276,0.6597229335103029
3277,0.663036730563085
3278,0.5910541526327053
3279,0.6488587307659236
3280,0.6533845858603291
3281,0.656749438757226
3282,0.6039825852043483
3283,0.6216464515833189
3284,0.6303432082863033
3285,0.6644350645792615
3286,0.4637929376907206
3287,0.6580619127850055
3288,0.6214779400321099
3289,0.6346922439074055
3290,0.6193366949690305
3291,0.6335804086139546
3292,0.6291383541122176
3293,0.5831618637616165
3294,0.6524189077177002
3295,0.6403707693887233
3296,0.6520108848226241
3297,0.6364156263762539
3298,0.6966995736903503
3299,0.614859950627361
3300,0.624649462444908
3301,0.6523478912570783
3302,0.6278401035615638
3303,0.6368594869416314
3304,0.6191775178078653
3305,0.657956588935578
3306,0.49241743149313527
3307,0.6167450213146091
3308,0.6459340905259726
3309,0.6438885481249482
3310,0.6773140355607238
3311,0.5811806063506523
3312,0.62347789183575
3313,0.6545197043143868
3314,0.6255199775951383
3315,0.6463387302777633
3316,0.6530025091370911
3317,0.553108350257845
3318,0.6608371704401031
3319,0.6228607482837952
3320,0.6352543435640273
3321,0.6341050981377577
3322,0.623652135170782
3323,0.6306969753836981
3324,0.6476553756321672
3325,0.6729665149225099
3326,0.6331619376298635
3327,0.3940032569082562
3328,0.6555020015536093
3329,0.6318743265747455
3330,0.6117317400776946
3331,0.6475035048185074
3332,0.6579865921082899
3333,0.6205584315911553
3334,0.6313928788529772
3335,0.6164558569102401
3336,0.6214483508955433
3337,0.6363806814306259
3338,0.6408884270569898
3339,0.6596316163442952
3340,0.6156684781952595
3341,0.5881941709140207
3342,0.615153360834247
3343,0.5963447037490625
3344,0.6217459216535298
3345,0.5629995347406291
3346,0.6532045416995844
3347,0.6366757853526531
3348,0.6264925441030146
3349,0.6436795433561661
3350,0.673876608844524
3351,0.6314475061351997
3352,0.6253329796130431
3353,0.586533589486289
3354,0.6007259007493264
3355,0.6065927192667815
3356,0.5918156391259384
3357,0.5782162192253265
3358,0.6459505616725921
3359,0.6161082602747376
3360,0.585748544130964
3361,0.6659844705356401
3362,0.6539533078407366
3363,0.6331873897277697
3364,0.6369517793764022
3365,0.64997913770838
3366,0.662551517432092
3367,0.6537220077858604
3368,0.6593705868923816
3369,0.6730463324200693
3370,0.6259236747787029
3371,0.6167847277029558
3372,0.6372893256811449
3373,0.6180791033432332
3374,0.5737334849137204
3375,0.641277031286816
3376,0.6497610713836067
3377,0.625581565841307
3378,0.6600892481148221
3379,0.6465507028765506
3380,0.6365421476653446
3381,0.6427891012718976
3382,0.6009608699583886
3383,0.6423621020571763
3384,0.6533314804023632
3385,0.6463685213747193
3386,0.6316339893883419
3387,0.5841150060816942
3388,0.6363812191004623
3389,0.573606647840599
3390,0.5803915937847228
3391,0.6431658498641832
3392,0.6062116877336076
3393,0.6289719522110593
3394,0.6680284837366753
3395,0.6415928691038483
3396,0.6095158625032161
3397,0.6533229466242969
3398,0.6062508227621854
3399,0.6092579638230747
3400,0.6548290253099427
3401,0.6392303809974803
3402,0.6498669700891728
3403,0.5992787354655739
3404,0.6509269628880919
3405,0.570988545841334
3406,0.6606020156580509
3407,0.6256191010747818
3408,0.5058556628604753
3409,0.6338761853785834
3410,0.60496302989699
3411,0.5682797912121884
3412,0.6204856380455286
3413,0.6375720284589698
3414,0.6151739764205866
3415,0.6299082610024824
3416,0.6326389205172486
3417,0.6161058298949763
3418,0.6390105782772371
3419,0.625916506991955
3420,0.6707970982227623
3421,0.6286550943766853
3422,0.6369115377065366
3423,0.6338499029069641
3424,0.6678109452539803
3425,0.6418163316078249
3426,0.6251768577745206
3427,0.6578646913576915
3428,0.6670008359080453
3429,0.6344225072996995
3430,0.6166416070135009
3431,0.6308650626185491
3432,0.6077340328281069
3433,0.6358982714977593
3434,0.584943660783767
3435,0.6482957473820362
3436,0.6312088595563042
3437,0.6900105776133659
3438,0.6354976266045371
3439,0.6385707471805253
3440,0.6532387901816225
3441,0.6209885943875562
3442,0.6268862842878282
3443,0.6842003909876485
3444,0.6379968375575569
3445,0.6546902838621125
3446,0.6884234715571937
3447,0.6520020301563648
3448,0.6569689651632836
3449,0.6540527714499506
3450,0.6588429511395445
3451,0.6198058780972352
3452,0.6559427719543032
3453,0.6447707158334643
3454,0.5828202359471365
3455,0.6077991870401611
3456,0.639977171737277
3457,0.6393629126663514
3458,0.6451663960992544
3459,0.6576016769717709
3460,0.5954191451784709
3461,0.6581454798594057
3462,0.6502037186530384
3463,0.6696970223648988
3464,0.6583644176850004
3465,0.6555149274613808
3466,0.6585332869282079
3467,0.643648083376564
3468,0.6353137991287389
3469,0.6280093279262141
3470,0.6365636808989016
3471,0.655671897571842
3472,0.5928347538434092
3473,0.5748075165457208
3474,0.6572457597070189
3475,0.6411764440428844
3476,0.6560895912669232
3477,0.6518065773601395
3478,0.6397770464669756
3479,0.6849451395802864
3480,0.6691055550422741
3481,0.6250460986821701
3482,0.6331267087567862
3483,0.6272646265306765
3484,0.6342137150817825
3485,0.6930068557612824
3486,0.644958449537552
3487,0.6550283479548291
3488,0.5727962032218545
3489,0.6608229533360581
3490,0.6654649131850341
3491,0.4948066242934279
3492,0.6802858813673432
3493,0.6576583107936126
3494,0.6588201029914539
3495,0.6157336523692166
3496,0.6393167137499248
3497,0.6489564011596668
3498,0.5022737822489457
3499,0.5545522422018803
3500,0.6435895338647236
3501,0.6296950175589692
3502,0.6546186960658509
3503,0.6113537763180954
3504,0.6305854204012465
3505,0.6663488706028483
3506,0.654816660602035
3507,0.6117624173538236
3508,0.642453160400742
3509,0.6227048791727325
3510,0.6459149634459729
3511,0.590503494592731
3512,0.6185260533921043
3513,0.6629258394599461
3514,0.649287267492293
3515,0.644639183798529
3516,0.6474600907833278
3517,0.5872154895314109
3518,0.6072972849359964
3519,0.6570208472636874
3520,0.6502014634236073
3521,0.6052133964092578
3522,0.40726631464089336
3523,0.6427724822665151
3524,0.5951891344088882
3525,0.6452036641513275
3526,0.5364627261721375
3527,0.6592954087760533
3528,0.632335422306505
3529,0.6734007033412869
3530,0.5932248824934516
3531,0.6278741093173357
3532,0.6129127707198192
3533,0.6498349794761671
3534,0.6444089836251009
3535,0.6415099295128867
3536,0.6328224890176658
3537,0.6525754946794091
3538,0.6296743073175141
3539,0.6295372510637027
3540,0.6441411221705741
3541,0.6604649231853698
3542,0.6355117511738734
3543,0.6011248281676104
3544,0.6615560388977799
3545,0.6497153502380398
3546,0.6078714840440202
3547,0.6069962955624497
3548,0.5780036369210917
3549,0.5613711116644513
3550,0.6677340830303958
3551,0.6177675012509194
3552,0.654350976830683
3553,0.6600957545757067
3554,0.6103999078348044
3555,0.6145056719809052
3556,0.6562686734020307
3557,0.6486897427056073
3558,0.627732820046198
3559,0.5927677976980326
3560,0.6094618642899045
3561,0.6463848156989637
3562,0.6627307821450806
3563,0.6096539308501052
3564,0.6557484675349398
3565,0.6276552091088495
3566,0.6176469709532663
3567,0.637343508508046
3568,0.6099275369544134
3569,0.6468535746537355
3570,0.6761966368067371
3571,0.6569888126884056
3572,0.6430653181751692
3573,0.5844881881471177
3574,0.6807887030233414
3575,0.5838542116879667
3576,0.6046795062308888
3577,0.6621053253741782
3578,0.6155758830673099
3579,0.6544796489710898
3580,0.6418150718348441
3581,0.6456934527957099
3582,0.6388091187801407
3583,0.6574953217596856
3584,0.5953639385822446
3585,0.6347952968170173
3586,0.6575368269263553
3587,0.6429197575214964
3588,0.6351246654657018
3589,0.648842869311045
3590,0.6517084424951943
3591,0.6651817996955733
3592,0.6150379417750207
3593,0.5458835730437116
3594,0.6612734784394025
3595,0.6062121055110475
3596,0.6089212060946831
3597,0.6787973735174804
3598,0.6668525474527212
3599,0.6422318336702594
3600,0.6110007554584257
3601,0.6611366598186038
3602,0.6651988383409301
3603,0.6471790563127717
3604,0.673233264049118
3605,0.6573765979006092
3606,0.6665853347948039
3607,0.6583476943288167
3608,0.6738240219090652
3609,0.6779015085769565
3610,0.6592481314240655
3611,0.6515750128127571
3612,0.6335837605687789
3613,0.589119652576833
3614,0.6465357523861939
3615,0.6147863114419746
3616,0.6293084643483549
3617,0.6730382750936661
3618,0.6768777697336972
3619,0.608162354293137
3620,0.6292373376069634
3621,0.6546907079623145
3622,0.6119661798290487
3623,0.47685084716947307
3624,0.6435215109223499
3625,0.6037626453292474
3626,0.27135216039868415
3627,0.6491679913844206
3628,0.49711430990924
3629,0.6475229525047156
3630,0.637646757887542
3631,0.386895716720194
3632,0.6651586272345141
3633,0.6103159974654371
3634,0.6216110701111444
3635,0.6299993708204552
3636,0.6252020474287359
3637,0.6268889402147574
3638,0.6481114196614971
3639,0.640912476620793
3640,0.6293320157266361
3641,0.6359825212835665
3642,0.6775346466348358
3643,0.6729890097390482
3644,0.6582049849864439
3645,0.6231056526748034
3646,0.5819549319555954
3647,0.5983993133046088
3648,0.5983105237864867
3649,0.6329883546390959
3650,0.6319095993142776
3651,0.6190097894699329
3652,0.5944817550687151
3653,0.6345313631718122
3654,0.6022046800498512
3655,0.6493229024312887
3656,0.5895785078576264
3657,0.6048926218929649
3658,0.5934264140290578
3659,0.6396987003357448
3660,0.6562834030381741
3661,0.6172161114591814
3662,0.6229122445213081
3663,0.6108254021246802
3664,0.6361404391341001
3665,0.6359707517678739
3666,0.6110562440900023
3667,0.6144573475214626
3668,0.6236654314499631
3669,0.6350363831864583
3670,0.6040913630740137
3671,0.6618044142251682
3672,0.6783511029260396
3673,0.6708162175195227
3674,0.5874211797340378
3675,0.5305177658401169
3676,0.551821331477221
3677,0.671181720990217
3678,0.6421162444318503
3679,0.6222450588299162
3680,0.6121755100706725
3681,0.6187458416121701
3682,0.6447164060024746
3683,0.6546769776910933
3684,0.6260230088077973
3685,0.6427670795569702
3686,0.6490046709117484
3687,0.6367558333791443
3688,0.6206539261293773
3689,0.6302158470055411
3690,0.5908861200513074
3691,0.6156601246863379
3692,0.6690909506495945
3693,0.6144334598915352
3694,0.6304939443780322
3695,0.6556682031266007
3696,0.6424535722196707
3697,0.6936959114360634
3698,0.6622218614086811
3699,0.646782260987541
3700,0.6611234169497731
3701,0.6330699975893705
3702,0.6715110163619734
3703,0.663806400245512
3704,0.6829963000048317
3705,0.6227101022599922
3706,0.6440592710542108
3707,0.6133851711917513
3708,0.631915792240958
3709,0.6464542055994954
3710,0.5935958969451595
3711,0.6465300712817263
3712,0.6383020118052452
3713,0.6486441267580186
3714,0.6621335225956073
3715,0.6202053360878425
3716,0.6594414793547656
3717,0.6474173003112541
3718,0.6231359729030979
3719,0.6338801919395715
3720,0.6136708942698924
3721,0.6288367587839461
3722,0.6224346912195007
3723,0.6915731402017742
3724,0.6658483506551814
3725,0.6280596166864082
3726,0.6368378082696811
3727,0.6706481296653796
3728,0.6342852257625906
3729,0.5557544851482386
3730,0.6442731741226535
3731,0.6662264749319694
3732,0.6241425546653262
3733,0.6563484869122944
3734,0.6060211754813605
3735,0.6551566957221983
3736,0.626890485895453
3737,0.6365853623623794
3738,0.6326567207101411
3739,0.637653088116546
3740,0.6269420871050359
3741,0.6329335515897883
3742,0.6166448472513923
3743,0.669581447545255
3744,0.6374689965776049
3745,0.6060932075743043
3746,0.6112124851052139
3747,0.6044189292652795
3748,0.6511044125154865
3749,0.6234137304332408
3750,0.574189415402026
3751,0.6471223359381014
3752,0.6462541014924945
3753,0.6480438094998692
3754,0.6104819993980505
3755,0.6584011403091884
3756,0.6531473690953344
3757,0.6133351167908868
3758,0.6455579549507744
3759,0.632831445244857
3760,0.5463031049278765
3761,0.6469893508649324
3762,0.580868809372147
3763,0.510955160979845
3764,0.5983892535814964
3765,0.6416676385307193
3766,0.6183898871176354
3767,0.6270187309911784
3768,0.5776186512029793
3769,0.6687579566157074
3770,0.6370575081411425
3771,0.6367159073842138
3772,0.5673268565485795
3773,0.6400298700312086
3774,0.6432554839263627
3775,0.6498363514913799
3776,0.6532042839040718
3777,0.6720801348691398
3778,0.524860980611066
3779,0.4321832615568783
3780,0.6499185453577421
3781,0.47006771338429315
3782,0.5299705848375492
3783,0.3839078477989773
3784,0.6111085356086076
3785,0.5849735773817852
3786,0.6262700811323565
3787,0.6487541554896344
3788,0.6008013356191972
3789,0.6537230116079812
3790,0.6212968342733396
3791,0.66064150368604
3792,0.6475439703701973
3793,0.6398078444019771
3794,0.5633312250805743
3795,0.6435792878765516
3796,0.661032929882434
3797,0.6453032252236122
3798,0.6279932219703614
3799,0.6528973667928731
3800,0.6484997608170432
3801,0.5665192488716166
3802,0.6348438358864384
3803,0.6408078593116249
3804,0.6478555709883436
3805,0.6188968192069166
3806,0.4521555168341106
3807,0.5984868923004902
3808,0.3561513479588265
3809,0.6264535089784687
3810,0.6380018480588412
3811,0.6430039063363526
3812,0.6258808584281171
3813,0.6138676077505895
3814,0.6646806977764781
3815,0.6478827254499141
3816,0.2216550651976765
3817,0.652079163224439
3818,0.6377466506841889
3819,0.6074136869929461
3820,0.6581996480277751
3821,0.6519583418756224
3822,0.6366007541935091
3823,0.6763989962660828
3824,0.6179025803182896
3825,0.5894144101363585
3826,0.657657905240846
3827,0.6441140777505168
3828,0.56331695950959
3829,0.3857828532265833
3830,0.6699377703569123
3831,0.6649022366877604
3832,0.6410455743851525
3833,0.614793151731248
3834,0.6333433849247941
3835,0.6330845460685782
3836,0.6564072204636919
3837,0.5940818452541016
3838,0.6175351447937993
3839,0.6182796300296144
3840,0.6007932914111331
3841,0.6598619088369472
3842,0.6721226482816092
3843,0.6401131732923696
3844,0.6646743942448423
3845,0.6447917608990319
3846,0.6267541661468891
3847,0.643045447603538
3848,0.6022897480111512
3849,0.6508244491231436
3850,0.6376384408758641
3851,0.6197795681301138
3852,0.6294456600189376
3853,0.6597492923354648
3854,0.5988887967601496
3855,0.680966256807655
3856,0.6040454712656657
3857,0.6278912164261439
3858,0.6540715213886281
3859,0.6099619546262104
3860,0.6467523232876496
3861,0.573482756033003
3862,0.6181788209305477
3863,0.6435356103132731
3864,0.6367981330098138
3865,0.6155038240321006
3866,0.6292347797177835
3867,0.6442641729396296
3868,0.6435645580923357
3869,0.6291578456871227
3870,0.638317038803868
3871,0.637635345604602
3872,0.6579159342451625
3873,0.6325234907644404
3874,0.6416290304928043
3875,0.6291164857389424
3876,0.6240136330807994
3877,0.619662668106375
3878,0.6426757716718455
3879,0.6355564397279221
3880,0.6024579162561569
3881,0.5543262353316352
3882,0.6086882025594443
3883,0.6671048222590932
3884,0.6268100390172714
3885,0.607868330172645
3886,0.6323701783405399
3887,0.6541088437170385
3888,0.6300905033620284
3889,0.6641812987988336
3890,0.6532926788048632
3891,0.6494984975987939
3892,0.6060229571902598
3893,0.6335587449811174
3894,0.6516595018022371
3895,0.6418472189495112
3896,0.6531532909066456
3897,0.6477589097118757
3898,0.6275005971574257
3899,0.6587818173558092
3900,0.6371016591307541
3901,0.6027549917633567
3902,0.6539057713656063
3903,0.62239162328014
3904,0.6928822475528678
3905,0.6350439127869533
3906,0.6437580029715437
3907,0.6562622990122033
3908,0.6421304382160967
3909,0.6290096812067766
3910,0.6289409042611898
3911,0.6117144514421411
3912,0.6643046497722407
3913,0.6278756287797094
3914,0.6083085404949129
3915,0.6443251604161776
3916,0.6558836865855915
3917,0.6202771257790716
3918,0.6313080534006196
3919,0.6266257230862421
3920,0.636730825058242
3921,0.4316085019526819
3922,0.613130120369457
3923,0.6336793870726877
3924,0.6314428586690234
3925,0.641740447820707
3926,0.66636983114731
3927,0.6561952082608391
3928,0.5522306532052823
3929,0.6476791652342309
3930,0.6425512524105272
3931,0.6095300835833943
3932,0.6585790272084039
3933,0.654229535407331
3934,0.6646003871608089
3935,0.5727957701809462
3936,0.6400243410481637
3937,0.6682411798710388
3938,0.6262065537572131
3939,0.6408659607483178
3940,0.6715069447717524
3941,0.6371021967398406
3942,0.660455350825556
3943,0.6746346303197448
3944,0.6494955344253087
3945,0.5773761223204263
3946,0.6161792277334918
3947,0.41951173083762616
3948,0.6484423067506456
3949,0.6728817180769371
3950,0.64288260241636
3951,0.6382919026582566
3952,0.6419174084074726
3953,0.6406471671285081
3954,0.6288762809303197
3955,0.6471065888037204
3956,0.6810899817715442
3957,0.6184376091925143
3958,0.6487285011589324
3959,0.6268563095174157
3960,0.6578698346298061
3961,0.6303648691138976
3962,0.6543298533363994
3963,0.6509872389434443
3964,0.5850921215969676
3965,0.6405000891559681
3966,0.6535528182466878
3967,0.6564436300598997
3968,0.5975882336882113
3969,0.6347080973259213
3970,0.6157289532034845
3971,0.6363440496366157
3972,0.6791247633245833
3973,0.6492838012412759
3974,0.6549636137192218
3975,0.601295800281126
3976,0.6652470770459111
3977,0.6321648532026194
3978,0.5662526612021923
3979,0.6872514439620195
3980,0.6519454822861295
3981,0.6599505368077621
3982,0.598279767580172
3983,0.6562992860339527
3984,0.6060363153871974
3985,0.6122898390471735
3986,0.5822601885600226
3987,0.6137325424339677
3988,0.4322311569420625
3989,0.6139241978299271
3990,0.6207046089788122
3991,0.6724463187535653
3992,0.6283191671870075
3993,0.6384656805295219
3994,0.6550557688335599
3995,0.6214567767467996
3996,0.6205669789964122
3997,0.6044014632975561
3998,0.5705168246386677
3999,0.6070583694365322
4000,0.6534466282029072
4001,0.6112068875356397
4002,0.6214894217187641
4003,0.6223059670272021
4004,0.623641255233178
4005,0.6538551486878323
4006,0.6326463806912049
4007,0.5032973721535692
4008,0.6600664681800742
4009,0.5582422164618956
4010,0.6753308338116869
4011,0.6382326035251881
4012,0.6282562495439931
4013,0.6101939844283152
4014,0.5862693232627991
4015,0.6353473819371906
4016,0.6264919248825143
4017,0.6395333340611097
4018,0.6149328232906169
4019,0.5911925715596464
4020,0.5453134762916845
4021,0.6101084505512719
4022,0.6360376982105702
4023,0.6042682460592871
4024,0.6504303577705928
4025,0.6527560608322779
4026,0.6666029835561178
4027,0.652108661045228
4028,0.6292311676551712
4029,0.6434304280346457
4030,0.6415585210770708
4031,0.6068307669884608
4032,0.6198221402790091
4033,0.6367620708310079
4034,0.5735126186714204
4035,0.6228897961782017
4036,0.5916457593959754
4037,0.6334482780219051
4038,0.655263379631166
4039,0.6045751510640699
4040,0.643259647309084
4041,0.6613674501695047
4042,0.6070574668716471
4043,0.6335853994223906
4044,0.6773097197571581
4045,0.6533041247678484
4046,0.6575197215802272
4047,0.6242014848914988
4048,0.638582134744192
4049,0.6068781843212548
4050,0.5800423587244641
4051,0.6554498088285958
4052,0.6428762204737232
4053,0.5969199429421252
4054,0.6546122644321578
4055,0.6498088845295054
4056,0.6600311257330649
4057,0.6421712629610485
4058,0.6561526776483366
4059,0.6704211642969018
4060,0.5946611158931888
4061,0.523251220958932
4062,0.6227121025241938
4063,0.6185190093548126
4064,0.6188615691272458
4065,0.6486531449223707
4066,0.6412903289581947
4067,0.6499763363299506
4068,0.68598707574285
4069,0.6486821222296377
4070,0.6435612377297487
4071,0.5700776254502402
4072,0.6471323431404193
4073,0.6212465674579274
4074,0.6415535241442978
4075,0.6350186134953785
4076,0.6632820560642659
4077,0.6355736798158219
4078,0.6607153380615519
4079,0.6245204184718456
4080,0.6327201106540409
4081,0.6243278174090097
4082,0.5225332102727431
4083,0.6516219256932468
4084,0.6425057197755851
4085,0.6505766225936491
4086,0.4325993715156816
4087,0.6429760551036027
4088,0.6004172727057393
4089,0.6089775645845735
4090,0.611746177323354
4091,0.6202605430955483
4092,0.6188022356192296
4093,0.6560589906763056
4094,0.5186744956144949
4095,0.6507986608178774
4096,0.6419242440191809
4097,0.5906901977145682
4098,0.64054893750233
4099,0.6513458155635694
4100,0.6851752490468772
4101,0.6527011760713294
4102,0.6060959702167582
4103,0.5890265200319008
4104,0.6156090593905962
4105,0.625564077606463
4106,0.624714769628681
4107,0.6498242285349081
4108,0.6677870641303714
4109,0.6663595312629951
4110,0.6848050546865342
4111,0.623435315829766
4112,0.659990354277565
4113,0.6341611659233906
4114,0.5690627463615607
4115,0.6629742696942521
4116,0.32560535743706276
4117,0.6030844201322315
4118,0.6800979718852046
4119,0.586935744497436
4120,0.6094051095540322
4121,0.6324578137335366
4122,0.657073011745164
4123,0.6246421387324159
4124,0.6406762764000808
4125,0.6384842862102381
4126,0.585615243796919
4127,0.6719180279407349
4128,0.6395682635368599
4129,0.6781479383966547
4130,0.6421781709921575
4131,0.6272674416746564
4132,0.6406215813780787
4133,0.6580518080124758
4134,0.6782480564279144
4135,0.6059737127203678
4136,0.5860051310404824
4137,0.6125014496798271
4138,0.6285000960931921
4139,0.5877249999446615
4140,0.6358253485352814
4141,0.6139121470575559
4142,0.6680550677589054
4143,0.6506871895045586
4144,0.6782420581868531
4145,0.6288158761959765
4146,0.6217751076023386
4147,0.6147625144913993
4148,0.6136770586000226
4149,0.5953773963218413
4150,0.6607561118705078
4151,0.6118814216965069
4152,0.6069050794700255
4153,0.6112302547357293
4154,0.6675105531927281
4155,0.6329459909729963
4156,0.5061171225054821
4157,0.636319515759285
4158,0.6477657326842073
4159,0.6391060832692115
4160,0.6107196229059318
4161,0.5941935887921024
4162,0.6522398821985654
4163,0.6660162927835993
4164,0.6685651707506707
4165,0.6253643115934702
